[0m09:17:06.588130 [debug] [MainThread]: Sending event: {'category': 'dbt', 'action': 'invocation', 'label': 'start', 'context': [<snowplow_tracker.self_describing_json.SelfDescribingJson object at 0x00000205B8143230>, <snowplow_tracker.self_describing_json.SelfDescribingJson object at 0x00000205BA6F7ED0>, <snowplow_tracker.self_describing_json.SelfDescribingJson object at 0x00000205BA6F7C50>]}


============================== 09:17:06.633555 | 09c5e3af-b66b-4dcd-91ae-2a7827690f9f ==============================
[0m09:17:06.633555 [info ] [MainThread]: Running with dbt=1.12.5
[0m09:17:06.637443 [debug] [MainThread]: running dbt with arguments {'static_parser': 'True', 'no_print': 'None', 'maximum_seed_size_mib': '1', 'target_path': 'None', 'version_check': 'True', 'warn_error_options': 'WarnErrorOptionsV2(error=[], warn=[], silence=[])', 'printer_width': '80', 'write_json': 'True', 'empty': 'False', 'log_cache_events': 'False', 'introspect': 'True', 'cache_selected_only': 'False', 'log_format': 'default', 'debug': 'False', 'fail_fast': 'False', 'profiles_dir': 'D:\\MEHDI\\Study\\WISD-EID\\projetcs\\NYC TaxiFlow\\dbt', 'send_anonymous_usage_stats': 'True', 'quiet': 'False', 'warn_error': 'None', 'partial_parse': 'True', 'invocation_command': 'dbt seed', 'hints_enabled': 'True', 'use_colors': 'True', 'use_experimental_parser': 'False', 'indirect_selection': 'eager', 'log_path': 'D:\\MEHDI\\Study\\WISD-EID\\projetcs\\NYC TaxiFlow\\dbt\\logs'}
[0m09:17:13.400358 [debug] [MainThread]: Sending event: {'category': 'dbt', 'action': 'project_id', 'label': '09c5e3af-b66b-4dcd-91ae-2a7827690f9f', 'context': [<snowplow_tracker.self_describing_json.SelfDescribingJson object at 0x00000205B867F100>]}
[0m09:17:13.540612 [debug] [MainThread]: Sending event: {'category': 'dbt', 'action': 'adapter_info', 'label': '09c5e3af-b66b-4dcd-91ae-2a7827690f9f', 'context': [<snowplow_tracker.self_describing_json.SelfDescribingJson object at 0x00000205BA852690>]}
[0m09:17:13.542889 [info ] [MainThread]: Registered adapter: postgres=1.11.0
[0m09:17:14.840446 [debug] [MainThread]: checksum: 9607b53e0bcec4aae7a28a2b598befef7e2640a23c376f5ae19341de1d9729bc, vars: {}, profile: taxi_analytics, target: dev, version: 1.12.5
[0m09:17:14.845291 [info ] [MainThread]: Unable to do partial parsing because saved manifest not found. Starting full parse.
[0m09:17:14.847014 [debug] [MainThread]: Sending event: {'category': 'dbt', 'action': 'partial_parser', 'label': '09c5e3af-b66b-4dcd-91ae-2a7827690f9f', 'context': [<snowplow_tracker.self_describing_json.SelfDescribingJson object at 0x00000205BA6B1950>]}
[0m09:17:22.541621 [warn ] [MainThread]: [[33mWARNING[0m][MissingArgumentsPropertyInGenericTestDeprecation]: Deprecated
functionality
Found top-level arguments to test `accepted_values` defined on 'stg_trips' in
package 'taxi_analytics' (models\staging\schema.yml). Arguments to generic tests
should be nested under the `arguments` property.
[0m09:17:22.542810 [debug] [MainThread]: Sending event: {'category': 'dbt', 'action': 'deprecation', 'label': '09c5e3af-b66b-4dcd-91ae-2a7827690f9f', 'property_': 'warn', 'context': [<snowplow_tracker.self_describing_json.SelfDescribingJson object at 0x00000205B7AF3200>]}
[0m09:17:23.386571 [debug] [MainThread]: Sending event: {'category': 'dbt', 'action': 'load_project', 'label': '09c5e3af-b66b-4dcd-91ae-2a7827690f9f', 'context': [<snowplow_tracker.self_describing_json.SelfDescribingJson object at 0x00000205BB056C10>]}
[0m09:17:23.795829 [debug] [MainThread]: Wrote artifact WritableManifest to D:\MEHDI\Study\WISD-EID\projetcs\NYC TaxiFlow\dbt\target\manifest.json
[0m09:17:23.844688 [debug] [MainThread]: Wrote artifact SemanticManifest to D:\MEHDI\Study\WISD-EID\projetcs\NYC TaxiFlow\dbt\target\semantic_manifest.json
[0m09:17:23.989239 [debug] [MainThread]: Wrote artifact OsiDocument to D:\MEHDI\Study\WISD-EID\projetcs\NYC TaxiFlow\dbt\target\osi_document.json
[0m09:17:24.100446 [debug] [MainThread]: Sending event: {'category': 'dbt', 'action': 'resource_counts', 'label': '09c5e3af-b66b-4dcd-91ae-2a7827690f9f', 'context': [<snowplow_tracker.self_describing_json.SelfDescribingJson object at 0x00000205BC5F32B0>]}
[0m09:17:24.101593 [info ] [MainThread]: Found 10 models, 12 data tests, 1 seed, 1 source, 477 macros
[0m09:17:24.102962 [debug] [MainThread]: Sending event: {'category': 'dbt', 'action': 'runnable_timing', 'label': '09c5e3af-b66b-4dcd-91ae-2a7827690f9f', 'context': [<snowplow_tracker.self_describing_json.SelfDescribingJson object at 0x00000205BC3FFAD0>]}
[0m09:17:24.110574 [info ] [MainThread]: 
[0m09:17:24.112006 [info ] [MainThread]: Concurrency: 4 threads (target='dev')
[0m09:17:24.113132 [info ] [MainThread]: 
[0m09:17:24.115277 [debug] [MainThread]: Acquiring new postgres connection 'master'
[0m09:17:24.118984 [debug] [ThreadPool]: Acquiring new postgres connection 'list_nyc_taxi'
[0m09:17:30.384056 [debug] [ThreadPool]: Using postgres connection "list_nyc_taxi"
[0m09:17:30.384710 [debug] [ThreadPool]: On list_nyc_taxi: /* {"app": "dbt", "dbt_version": "1.12.5", "profile_name": "taxi_analytics", "target_name": "dev", "connection_name": "list_nyc_taxi"} */

    select distinct nspname from pg_namespace
  
[0m09:17:30.385262 [debug] [ThreadPool]: Opening a new connection, currently in state init
[0m09:17:32.348936 [debug] [ThreadPool]: SQL status: SELECT 5 in 1.963 seconds
[0m09:17:32.352039 [debug] [ThreadPool]: On list_nyc_taxi: Close
[0m09:17:32.354780 [debug] [ThreadPool]: Re-using an available connection from the pool (formerly list_nyc_taxi, now create_nyc_taxi_public_reference)
[0m09:17:32.356692 [debug] [ThreadPool]: Creating schema "database: "nyc_taxi"
schema: "public_reference"
"
[0m09:17:32.367031 [debug] [ThreadPool]: Using postgres connection "create_nyc_taxi_public_reference"
[0m09:17:32.367905 [debug] [ThreadPool]: On create_nyc_taxi_public_reference: /* {"app": "dbt", "dbt_version": "1.12.5", "profile_name": "taxi_analytics", "target_name": "dev", "connection_name": "create_nyc_taxi_public_reference"} */
create schema if not exists "public_reference"
[0m09:17:32.368883 [debug] [ThreadPool]: Opening a new connection, currently in state closed
[0m09:17:32.659018 [debug] [ThreadPool]: SQL status: CREATE SCHEMA in 0.290 seconds
[0m09:17:32.661409 [debug] [ThreadPool]: On create_nyc_taxi_public_reference: COMMIT
[0m09:17:32.662200 [debug] [ThreadPool]: Using postgres connection "create_nyc_taxi_public_reference"
[0m09:17:32.662925 [debug] [ThreadPool]: On create_nyc_taxi_public_reference: COMMIT
[0m09:17:32.667553 [debug] [ThreadPool]: SQL status: COMMIT in 0.004 seconds
[0m09:17:32.668522 [debug] [ThreadPool]: On create_nyc_taxi_public_reference: Close
[0m09:17:32.682850 [debug] [ThreadPool]: Acquiring new postgres connection 'list_nyc_taxi_public_analytics'
[0m09:17:32.694639 [debug] [ThreadPool]: Using postgres connection "list_nyc_taxi_public_analytics"
[0m09:17:32.695359 [debug] [ThreadPool]: On list_nyc_taxi_public_analytics: /* {"app": "dbt", "dbt_version": "1.12.5", "profile_name": "taxi_analytics", "target_name": "dev", "connection_name": "list_nyc_taxi_public_analytics"} */
select
      'nyc_taxi' as database,
      tablename as name,
      schemaname as schema,
      'table' as type
    from pg_tables
    where schemaname ilike 'public_analytics'
    union all
    select
      'nyc_taxi' as database,
      viewname as name,
      schemaname as schema,
      'view' as type
    from pg_views
    where schemaname ilike 'public_analytics'
    union all
    select
      'nyc_taxi' as database,
      matviewname as name,
      schemaname as schema,
      'materialized_view' as type
    from pg_matviews
    where schemaname ilike 'public_analytics'
    union all
    select distinct
     'nyc_taxi' as database,
     proname as name,
     ns.nspname as schema,
     'function' as type
    from pg_proc
     join pg_namespace as ns on pronamespace = ns.oid
    where ns.nspname ilike 'public_analytics'
  
[0m09:17:32.695942 [debug] [ThreadPool]: Opening a new connection, currently in state init
[0m09:17:32.697009 [debug] [ThreadPool]: Acquiring new postgres connection 'list_nyc_taxi_public_intermediate'
[0m09:17:32.699510 [debug] [ThreadPool]: Using postgres connection "list_nyc_taxi_public_intermediate"
[0m09:17:32.700597 [debug] [ThreadPool]: Acquiring new postgres connection 'list_nyc_taxi_public_staging'
[0m09:17:32.701333 [debug] [ThreadPool]: On list_nyc_taxi_public_intermediate: /* {"app": "dbt", "dbt_version": "1.12.5", "profile_name": "taxi_analytics", "target_name": "dev", "connection_name": "list_nyc_taxi_public_intermediate"} */
select
      'nyc_taxi' as database,
      tablename as name,
      schemaname as schema,
      'table' as type
    from pg_tables
    where schemaname ilike 'public_intermediate'
    union all
    select
      'nyc_taxi' as database,
      viewname as name,
      schemaname as schema,
      'view' as type
    from pg_views
    where schemaname ilike 'public_intermediate'
    union all
    select
      'nyc_taxi' as database,
      matviewname as name,
      schemaname as schema,
      'materialized_view' as type
    from pg_matviews
    where schemaname ilike 'public_intermediate'
    union all
    select distinct
     'nyc_taxi' as database,
     proname as name,
     ns.nspname as schema,
     'function' as type
    from pg_proc
     join pg_namespace as ns on pronamespace = ns.oid
    where ns.nspname ilike 'public_intermediate'
  
[0m09:17:32.703902 [debug] [ThreadPool]: Using postgres connection "list_nyc_taxi_public_staging"
[0m09:17:32.704957 [debug] [ThreadPool]: Acquiring new postgres connection 'list_nyc_taxi_public_reference'
[0m09:17:32.705532 [debug] [ThreadPool]: Opening a new connection, currently in state init
[0m09:17:32.706176 [debug] [ThreadPool]: On list_nyc_taxi_public_staging: /* {"app": "dbt", "dbt_version": "1.12.5", "profile_name": "taxi_analytics", "target_name": "dev", "connection_name": "list_nyc_taxi_public_staging"} */
select
      'nyc_taxi' as database,
      tablename as name,
      schemaname as schema,
      'table' as type
    from pg_tables
    where schemaname ilike 'public_staging'
    union all
    select
      'nyc_taxi' as database,
      viewname as name,
      schemaname as schema,
      'view' as type
    from pg_views
    where schemaname ilike 'public_staging'
    union all
    select
      'nyc_taxi' as database,
      matviewname as name,
      schemaname as schema,
      'materialized_view' as type
    from pg_matviews
    where schemaname ilike 'public_staging'
    union all
    select distinct
     'nyc_taxi' as database,
     proname as name,
     ns.nspname as schema,
     'function' as type
    from pg_proc
     join pg_namespace as ns on pronamespace = ns.oid
    where ns.nspname ilike 'public_staging'
  
[0m09:17:32.713227 [debug] [ThreadPool]: Using postgres connection "list_nyc_taxi_public_reference"
[0m09:17:32.714187 [debug] [ThreadPool]: Opening a new connection, currently in state init
[0m09:17:32.714594 [debug] [ThreadPool]: On list_nyc_taxi_public_reference: /* {"app": "dbt", "dbt_version": "1.12.5", "profile_name": "taxi_analytics", "target_name": "dev", "connection_name": "list_nyc_taxi_public_reference"} */
select
      'nyc_taxi' as database,
      tablename as name,
      schemaname as schema,
      'table' as type
    from pg_tables
    where schemaname ilike 'public_reference'
    union all
    select
      'nyc_taxi' as database,
      viewname as name,
      schemaname as schema,
      'view' as type
    from pg_views
    where schemaname ilike 'public_reference'
    union all
    select
      'nyc_taxi' as database,
      matviewname as name,
      schemaname as schema,
      'materialized_view' as type
    from pg_matviews
    where schemaname ilike 'public_reference'
    union all
    select distinct
     'nyc_taxi' as database,
     proname as name,
     ns.nspname as schema,
     'function' as type
    from pg_proc
     join pg_namespace as ns on pronamespace = ns.oid
    where ns.nspname ilike 'public_reference'
  
[0m09:17:32.715188 [debug] [ThreadPool]: Opening a new connection, currently in state init
[0m09:17:33.069256 [debug] [ThreadPool]: SQL status: SELECT 0 in 0.355 seconds
[0m09:17:33.073069 [debug] [ThreadPool]: On list_nyc_taxi_public_staging: ROLLBACK
[0m09:17:33.074165 [debug] [ThreadPool]: SQL status: SELECT 0 in 0.368 seconds
[0m09:17:33.075221 [debug] [ThreadPool]: SQL status: SELECT 0 in 0.379 seconds
[0m09:17:33.078643 [debug] [ThreadPool]: On list_nyc_taxi_public_intermediate: ROLLBACK
[0m09:17:33.079548 [debug] [ThreadPool]: On list_nyc_taxi_public_staging: Close
[0m09:17:33.082607 [debug] [ThreadPool]: On list_nyc_taxi_public_analytics: ROLLBACK
[0m09:17:33.083470 [debug] [ThreadPool]: SQL status: SELECT 0 in 0.368 seconds
[0m09:17:33.086638 [debug] [ThreadPool]: On list_nyc_taxi_public_reference: ROLLBACK
[0m09:17:33.088046 [debug] [ThreadPool]: On list_nyc_taxi_public_intermediate: Close
[0m09:17:33.088769 [debug] [ThreadPool]: On list_nyc_taxi_public_analytics: Close
[0m09:17:33.089571 [debug] [ThreadPool]: On list_nyc_taxi_public_reference: Close
[0m09:17:33.099757 [debug] [MainThread]: Using postgres connection "master"
[0m09:17:33.100613 [debug] [MainThread]: On master: /* {"app": "dbt", "dbt_version": "1.12.5", "profile_name": "taxi_analytics", "target_name": "dev", "connection_name": "master"} */
select distinct
        dependent_namespace.nspname as dependent_schema,
        dependent_class.relname as dependent_name,
        referenced_namespace.nspname as referenced_schema,
        referenced_class.relname as referenced_name

    -- Query for views: views are entries in pg_class with an entry in pg_rewrite, but we avoid
    -- a seq scan on pg_rewrite by leveraging the fact there is an "internal" row in pg_depend for
    -- the view...
    from pg_class as dependent_class
    join pg_namespace as dependent_namespace on dependent_namespace.oid = dependent_class.relnamespace
    join pg_depend as dependent_depend on dependent_depend.refobjid = dependent_class.oid
        and dependent_depend.classid = 'pg_rewrite'::regclass
        and dependent_depend.refclassid = 'pg_class'::regclass
        and dependent_depend.deptype = 'i'

    -- ... and via pg_depend (that has a row per column, hence the need for "distinct" above, and
    -- making sure to exclude the internal row to avoid a view appearing to depend on itself)...
    join pg_depend as joining_depend on joining_depend.objid = dependent_depend.objid
        and joining_depend.classid = 'pg_rewrite'::regclass
        and joining_depend.refclassid = 'pg_class'::regclass
        and joining_depend.refobjid != dependent_depend.refobjid

    -- ... we can find the tables they query from in pg_class, but excluding system tables. Note we
    -- don't need need to exclude _dependent_ system tables, because they only query from other
    -- system tables, and so are automatically excluded by excluding _referenced_ system tables
    join pg_class as referenced_class on referenced_class.oid = joining_depend.refobjid
    join pg_namespace as referenced_namespace on referenced_namespace.oid = referenced_class.relnamespace
        and referenced_namespace.nspname != 'information_schema'
        and referenced_namespace.nspname not like 'pg\_%'

    order by
        dependent_schema, dependent_name, referenced_schema, referenced_name;
[0m09:17:33.101288 [debug] [MainThread]: Opening a new connection, currently in state init
[0m09:17:33.276997 [debug] [MainThread]: SQL status: SELECT 0 in 0.176 seconds
[0m09:17:33.279901 [debug] [MainThread]: Sending event: {'category': 'dbt', 'action': 'runnable_timing', 'label': '09c5e3af-b66b-4dcd-91ae-2a7827690f9f', 'context': [<snowplow_tracker.self_describing_json.SelfDescribingJson object at 0x00000205BC5BD700>]}
[0m09:17:33.280957 [debug] [MainThread]: On master: ROLLBACK
[0m09:17:33.282286 [debug] [MainThread]: On master: COMMIT
[0m09:17:33.283173 [debug] [MainThread]: Using postgres connection "master"
[0m09:17:33.284051 [debug] [MainThread]: On master: COMMIT
[0m09:17:33.285433 [debug] [MainThread]: SQL status: COMMIT in 0.001 seconds
[0m09:17:33.286252 [debug] [MainThread]: On master: Close
[0m09:17:33.349344 [debug] [Thread-1 (]: Began running node seed.taxi_analytics.taxi_zone_lookup
[0m09:17:33.350713 [info ] [Thread-1 (]: 1 of 1 START seed file public_reference.taxi_zone_lookup ....................... [RUN]
[0m09:17:33.353056 [debug] [Thread-1 (]: Acquiring new postgres connection 'seed.taxi_analytics.taxi_zone_lookup'
[0m09:17:33.354381 [debug] [Thread-1 (]: Began compiling node seed.taxi_analytics.taxi_zone_lookup
[0m09:17:33.355456 [debug] [Thread-1 (]: Began executing node seed.taxi_analytics.taxi_zone_lookup
[0m09:17:33.416678 [debug] [Thread-1 (]: Using postgres connection "seed.taxi_analytics.taxi_zone_lookup"
[0m09:17:33.417410 [debug] [Thread-1 (]: On seed.taxi_analytics.taxi_zone_lookup: /* {"app": "dbt", "dbt_version": "1.12.5", "profile_name": "taxi_analytics", "target_name": "dev", "node_id": "seed.taxi_analytics.taxi_zone_lookup"} */

    create table "nyc_taxi"."public_reference"."taxi_zone_lookup" ("LocationID" integer,"Borough" text,"Zone" text,"service_zone" text)
  
[0m09:17:33.418031 [debug] [Thread-1 (]: Opening a new connection, currently in state init
[0m09:17:33.819486 [debug] [Thread-1 (]: SQL status: CREATE TABLE in 0.401 seconds
[0m09:17:34.138787 [debug] [Thread-1 (]: Using postgres connection "seed.taxi_analytics.taxi_zone_lookup"
[0m09:17:34.139263 [debug] [Thread-1 (]: On seed.taxi_analytics.taxi_zone_lookup: 
          insert into "nyc_taxi"."public_reference"."taxi_zone_lookup" ("LocationID", "Borough", "Zone", "service_zone") values
          (%s,%s,%s,%s),(%s,%s,%s,%s),(%s,%s,%s,%s),(%s,%s,%s,%s),(%s,%s,%s,%s),(%s,%s,%s,%s),(%s,%s,%s,%s),(%s,%s,%s,%s),(%s,%s,%s,%s),(%s,%s,%s,%s),(%s,%s,%s,%s),(%s,%s,%s,%s),(%s,%s,%s,%s),(%s,%s,%s,%s),(%s,%s,%s,%s),(%s,%s,%s,%s),(%s,%s,%s,%s),(%s,%s,%s,%s),(%s,%s,%s,%s),(%s,%s,%s,%s),(%s,%s,%s,%s),(%s,%s,%s,%s),(%s,%s,%s,%s),(%s,%s,%s,%s),(%s,%s,%s,%s),(%s,%s,%s,%s),(%s,%s,%s...
[0m09:17:34.145311 [debug] [Thread-1 (]: SQL status: INSERT 0 265 in 0.006 seconds
[0m09:17:34.152276 [debug] [Thread-1 (]: Writing runtime SQL for node "seed.taxi_analytics.taxi_zone_lookup"
[0m09:17:34.200533 [debug] [Thread-1 (]: On seed.taxi_analytics.taxi_zone_lookup: COMMIT
[0m09:17:34.201579 [debug] [Thread-1 (]: Using postgres connection "seed.taxi_analytics.taxi_zone_lookup"
[0m09:17:34.202456 [debug] [Thread-1 (]: On seed.taxi_analytics.taxi_zone_lookup: COMMIT
[0m09:17:34.206372 [debug] [Thread-1 (]: SQL status: COMMIT in 0.003 seconds
[0m09:17:34.209081 [debug] [Thread-1 (]: On seed.taxi_analytics.taxi_zone_lookup: Close
[0m09:17:34.213638 [debug] [Thread-1 (]: Sending event: {'category': 'dbt', 'action': 'run_model', 'label': '09c5e3af-b66b-4dcd-91ae-2a7827690f9f', 'context': [<snowplow_tracker.self_describing_json.SelfDescribingJson object at 0x00000205B86382D0>]}
[0m09:17:34.214593 [info ] [Thread-1 (]: 1 of 1 OK loaded seed file public_reference.taxi_zone_lookup ................... [[32mINSERT 265[0m in 0.86s]
[0m09:17:34.216067 [debug] [Thread-1 (]: Finished running node seed.taxi_analytics.taxi_zone_lookup
[0m09:17:34.218917 [debug] [MainThread]: On master: COMMIT
[0m09:17:34.219441 [debug] [MainThread]: Using postgres connection "master"
[0m09:17:34.219826 [debug] [MainThread]: On master: COMMIT
[0m09:17:34.220239 [debug] [MainThread]: Opening a new connection, currently in state closed
[0m09:17:34.276139 [debug] [MainThread]: SQL status: COMMIT in 0.056 seconds
[0m09:17:34.276640 [debug] [MainThread]: On master: Close
[0m09:17:34.277239 [debug] [MainThread]: Connection 'master' was properly closed.
[0m09:17:34.277787 [debug] [MainThread]: Connection 'create_nyc_taxi_public_reference' was properly closed.
[0m09:17:34.278329 [debug] [MainThread]: Connection 'list_nyc_taxi_public_analytics' was properly closed.
[0m09:17:34.278794 [debug] [MainThread]: Connection 'list_nyc_taxi_public_intermediate' was properly closed.
[0m09:17:34.279319 [debug] [MainThread]: Connection 'list_nyc_taxi_public_staging' was properly closed.
[0m09:17:34.279911 [debug] [MainThread]: Connection 'list_nyc_taxi_public_reference' was properly closed.
[0m09:17:34.280339 [debug] [MainThread]: Connection 'seed.taxi_analytics.taxi_zone_lookup' was properly closed.
[0m09:17:34.280812 [info ] [MainThread]: 
[0m09:17:34.281467 [info ] [MainThread]: Finished running 1 seed in 0 hours 0 minutes and 10.17 seconds (10.17s).
[0m09:17:34.282566 [debug] [MainThread]: Command end result
[0m09:17:34.323948 [debug] [MainThread]: Wrote artifact WritableManifest to D:\MEHDI\Study\WISD-EID\projetcs\NYC TaxiFlow\dbt\target\manifest.json
[0m09:17:34.329155 [debug] [MainThread]: Wrote artifact SemanticManifest to D:\MEHDI\Study\WISD-EID\projetcs\NYC TaxiFlow\dbt\target\semantic_manifest.json
[0m09:17:34.333284 [debug] [MainThread]: Wrote artifact OsiDocument to D:\MEHDI\Study\WISD-EID\projetcs\NYC TaxiFlow\dbt\target\osi_document.json
[0m09:17:34.342066 [debug] [MainThread]: Wrote artifact RunExecutionResult to D:\MEHDI\Study\WISD-EID\projetcs\NYC TaxiFlow\dbt\target\run_results.json
[0m09:17:34.342761 [info ] [MainThread]: 
[0m09:17:34.343568 [info ] [MainThread]: [32mCompleted successfully[0m
[0m09:17:34.344114 [info ] [MainThread]: 
[0m09:17:34.344599 [info ] [MainThread]: Done. PASS=1 WARN=0 ERROR=0 SKIP=0 NO-OP=0 REUSED=0 TOTAL=1
[0m09:17:34.345254 [warn ] [MainThread]: [[33mWARNING[0m][DeprecationsSummary]: Deprecated functionality
Summary of encountered deprecations:
- MissingArgumentsPropertyInGenericTestDeprecation: 1 occurrence
To see all deprecation instances instead of just the first occurrence of each,
run command again with the `--show-all-deprecations` flag. You may also need to
run with `--no-partial-parse` as some deprecations are only encountered during
parsing.
[0m09:17:34.346507 [debug] [MainThread]: Command `dbt seed` succeeded at 09:17:34.346373 after 28.48 seconds
[0m09:17:34.346918 [debug] [MainThread]: Sending event: {'category': 'dbt', 'action': 'invocation', 'label': 'end', 'context': [<snowplow_tracker.self_describing_json.SelfDescribingJson object at 0x00000205B863E1D0>, <snowplow_tracker.self_describing_json.SelfDescribingJson object at 0x00000205B863F4D0>, <snowplow_tracker.self_describing_json.SelfDescribingJson object at 0x00000205BA74E4A0>]}
[0m09:17:34.347295 [debug] [MainThread]: Flushing usage events
[0m09:17:45.504950 [debug] [MainThread]: An error was encountered while trying to flush usage events
[0m09:17:55.007605 [debug] [MainThread]: Sending event: {'category': 'dbt', 'action': 'invocation', 'label': 'start', 'context': [<snowplow_tracker.self_describing_json.SelfDescribingJson object at 0x00000216B4487230>, <snowplow_tracker.self_describing_json.SelfDescribingJson object at 0x00000216B6A3BED0>, <snowplow_tracker.self_describing_json.SelfDescribingJson object at 0x00000216B6A3BC50>]}


============================== 09:17:55.037734 | 5765a3ee-6976-42e1-9ca0-a7170d3cf8a9 ==============================
[0m09:17:55.037734 [info ] [MainThread]: Running with dbt=1.12.5
[0m09:17:55.040086 [debug] [MainThread]: running dbt with arguments {'static_parser': 'True', 'no_print': 'None', 'version_check': 'True', 'target_path': 'None', 'warn_error_options': 'WarnErrorOptionsV2(error=[], warn=[], silence=[])', 'maximum_seed_size_mib': '1', 'printer_width': '80', 'write_json': 'True', 'empty': 'False', 'log_cache_events': 'False', 'introspect': 'True', 'cache_selected_only': 'False', 'log_format': 'default', 'debug': 'False', 'fail_fast': 'False', 'profiles_dir': 'D:\\MEHDI\\Study\\WISD-EID\\projetcs\\NYC TaxiFlow\\dbt', 'send_anonymous_usage_stats': 'True', 'quiet': 'False', 'warn_error': 'None', 'partial_parse': 'True', 'invocation_command': 'dbt run', 'hints_enabled': 'True', 'use_colors': 'True', 'use_experimental_parser': 'False', 'indirect_selection': 'eager', 'log_path': 'D:\\MEHDI\\Study\\WISD-EID\\projetcs\\NYC TaxiFlow\\dbt\\logs'}
[0m09:17:56.069879 [debug] [MainThread]: Sending event: {'category': 'dbt', 'action': 'project_id', 'label': '5765a3ee-6976-42e1-9ca0-a7170d3cf8a9', 'context': [<snowplow_tracker.self_describing_json.SelfDescribingJson object at 0x00000216B49BF100>]}
[0m09:17:56.266064 [debug] [MainThread]: Sending event: {'category': 'dbt', 'action': 'adapter_info', 'label': '5765a3ee-6976-42e1-9ca0-a7170d3cf8a9', 'context': [<snowplow_tracker.self_describing_json.SelfDescribingJson object at 0x00000216B6B96690>]}
[0m09:17:56.267900 [info ] [MainThread]: Registered adapter: postgres=1.11.0
[0m09:17:56.784284 [debug] [MainThread]: checksum: 9607b53e0bcec4aae7a28a2b598befef7e2640a23c376f5ae19341de1d9729bc, vars: {}, profile: taxi_analytics, target: dev, version: 1.12.5
[0m09:17:57.184792 [debug] [MainThread]: Partial parsing enabled: 0 files deleted, 0 files added, 0 files changed.
[0m09:17:57.185332 [debug] [MainThread]: Nothing changed, skipping partial parsing.
[0m09:17:57.185717 [debug] [MainThread]: Partial parsing enabled, no changes found, skipping parsing
[0m09:17:57.196059 [debug] [MainThread]: Sending event: {'category': 'dbt', 'action': 'load_project', 'label': '5765a3ee-6976-42e1-9ca0-a7170d3cf8a9', 'context': [<snowplow_tracker.self_describing_json.SelfDescribingJson object at 0x00000216B7163850>]}
[0m09:17:57.688819 [debug] [MainThread]: Wrote artifact WritableManifest to D:\MEHDI\Study\WISD-EID\projetcs\NYC TaxiFlow\dbt\target\manifest.json
[0m09:17:57.699931 [debug] [MainThread]: Wrote artifact SemanticManifest to D:\MEHDI\Study\WISD-EID\projetcs\NYC TaxiFlow\dbt\target\semantic_manifest.json
[0m09:17:57.773587 [debug] [MainThread]: Wrote artifact OsiDocument to D:\MEHDI\Study\WISD-EID\projetcs\NYC TaxiFlow\dbt\target\osi_document.json
[0m09:17:57.816105 [debug] [MainThread]: Sending event: {'category': 'dbt', 'action': 'resource_counts', 'label': '5765a3ee-6976-42e1-9ca0-a7170d3cf8a9', 'context': [<snowplow_tracker.self_describing_json.SelfDescribingJson object at 0x00000216B70FEF30>]}
[0m09:17:57.816875 [info ] [MainThread]: Found 10 models, 12 data tests, 1 seed, 1 source, 477 macros
[0m09:17:57.817399 [debug] [MainThread]: Sending event: {'category': 'dbt', 'action': 'runnable_timing', 'label': '5765a3ee-6976-42e1-9ca0-a7170d3cf8a9', 'context': [<snowplow_tracker.self_describing_json.SelfDescribingJson object at 0x00000216B69A9C50>]}
[0m09:17:57.821432 [info ] [MainThread]: 
[0m09:17:57.822319 [info ] [MainThread]: Concurrency: 4 threads (target='dev')
[0m09:17:57.823016 [info ] [MainThread]: 
[0m09:17:57.824225 [debug] [MainThread]: Acquiring new postgres connection 'master'
[0m09:17:57.831566 [debug] [ThreadPool]: Acquiring new postgres connection 'list_nyc_taxi'
[0m09:17:57.934161 [debug] [ThreadPool]: Using postgres connection "list_nyc_taxi"
[0m09:17:57.935102 [debug] [ThreadPool]: On list_nyc_taxi: /* {"app": "dbt", "dbt_version": "1.12.5", "profile_name": "taxi_analytics", "target_name": "dev", "connection_name": "list_nyc_taxi"} */

    select distinct nspname from pg_namespace
  
[0m09:17:57.935843 [debug] [ThreadPool]: Opening a new connection, currently in state init
[0m09:17:58.140048 [debug] [ThreadPool]: SQL status: SELECT 6 in 0.204 seconds
[0m09:17:58.141444 [debug] [ThreadPool]: On list_nyc_taxi: Close
[0m09:17:58.142741 [debug] [ThreadPool]: Re-using an available connection from the pool (formerly list_nyc_taxi, now create_nyc_taxi_public_staging)
[0m09:17:58.143559 [debug] [ThreadPool]: Creating schema "database: "nyc_taxi"
schema: "public_staging"
"
[0m09:17:58.153261 [debug] [ThreadPool]: Using postgres connection "create_nyc_taxi_public_staging"
[0m09:17:58.154233 [debug] [ThreadPool]: On create_nyc_taxi_public_staging: /* {"app": "dbt", "dbt_version": "1.12.5", "profile_name": "taxi_analytics", "target_name": "dev", "connection_name": "create_nyc_taxi_public_staging"} */
create schema if not exists "public_staging"
[0m09:17:58.154973 [debug] [ThreadPool]: Opening a new connection, currently in state closed
[0m09:17:58.220570 [debug] [ThreadPool]: SQL status: CREATE SCHEMA in 0.066 seconds
[0m09:17:58.221800 [debug] [ThreadPool]: On create_nyc_taxi_public_staging: COMMIT
[0m09:17:58.222149 [debug] [ThreadPool]: Using postgres connection "create_nyc_taxi_public_staging"
[0m09:17:58.222440 [debug] [ThreadPool]: On create_nyc_taxi_public_staging: COMMIT
[0m09:17:58.224360 [debug] [ThreadPool]: SQL status: COMMIT in 0.002 seconds
[0m09:17:58.224804 [debug] [ThreadPool]: On create_nyc_taxi_public_staging: Close
[0m09:17:58.228659 [debug] [ThreadPool]: Acquiring new postgres connection 'list_nyc_taxi_public_intermediate'
[0m09:17:58.231176 [debug] [ThreadPool]: Acquiring new postgres connection 'list_nyc_taxi_public_reference'
[0m09:17:58.236482 [debug] [ThreadPool]: Using postgres connection "list_nyc_taxi_public_intermediate"
[0m09:17:58.238085 [debug] [ThreadPool]: Using postgres connection "list_nyc_taxi_public_reference"
[0m09:17:58.238525 [debug] [ThreadPool]: On list_nyc_taxi_public_intermediate: /* {"app": "dbt", "dbt_version": "1.12.5", "profile_name": "taxi_analytics", "target_name": "dev", "connection_name": "list_nyc_taxi_public_intermediate"} */
select
      'nyc_taxi' as database,
      tablename as name,
      schemaname as schema,
      'table' as type
    from pg_tables
    where schemaname ilike 'public_intermediate'
    union all
    select
      'nyc_taxi' as database,
      viewname as name,
      schemaname as schema,
      'view' as type
    from pg_views
    where schemaname ilike 'public_intermediate'
    union all
    select
      'nyc_taxi' as database,
      matviewname as name,
      schemaname as schema,
      'materialized_view' as type
    from pg_matviews
    where schemaname ilike 'public_intermediate'
    union all
    select distinct
     'nyc_taxi' as database,
     proname as name,
     ns.nspname as schema,
     'function' as type
    from pg_proc
     join pg_namespace as ns on pronamespace = ns.oid
    where ns.nspname ilike 'public_intermediate'
  
[0m09:17:58.239055 [debug] [ThreadPool]: Acquiring new postgres connection 'list_nyc_taxi_public_staging'
[0m09:17:58.239428 [debug] [ThreadPool]: On list_nyc_taxi_public_reference: /* {"app": "dbt", "dbt_version": "1.12.5", "profile_name": "taxi_analytics", "target_name": "dev", "connection_name": "list_nyc_taxi_public_reference"} */
select
      'nyc_taxi' as database,
      tablename as name,
      schemaname as schema,
      'table' as type
    from pg_tables
    where schemaname ilike 'public_reference'
    union all
    select
      'nyc_taxi' as database,
      viewname as name,
      schemaname as schema,
      'view' as type
    from pg_views
    where schemaname ilike 'public_reference'
    union all
    select
      'nyc_taxi' as database,
      matviewname as name,
      schemaname as schema,
      'materialized_view' as type
    from pg_matviews
    where schemaname ilike 'public_reference'
    union all
    select distinct
     'nyc_taxi' as database,
     proname as name,
     ns.nspname as schema,
     'function' as type
    from pg_proc
     join pg_namespace as ns on pronamespace = ns.oid
    where ns.nspname ilike 'public_reference'
  
[0m09:17:58.239809 [debug] [ThreadPool]: Opening a new connection, currently in state init
[0m09:17:58.241429 [debug] [ThreadPool]: Using postgres connection "list_nyc_taxi_public_staging"
[0m09:17:58.242127 [debug] [ThreadPool]: Acquiring new postgres connection 'list_nyc_taxi_public_analytics'
[0m09:17:58.242577 [debug] [ThreadPool]: Opening a new connection, currently in state init
[0m09:17:58.243370 [debug] [ThreadPool]: On list_nyc_taxi_public_staging: /* {"app": "dbt", "dbt_version": "1.12.5", "profile_name": "taxi_analytics", "target_name": "dev", "connection_name": "list_nyc_taxi_public_staging"} */
select
      'nyc_taxi' as database,
      tablename as name,
      schemaname as schema,
      'table' as type
    from pg_tables
    where schemaname ilike 'public_staging'
    union all
    select
      'nyc_taxi' as database,
      viewname as name,
      schemaname as schema,
      'view' as type
    from pg_views
    where schemaname ilike 'public_staging'
    union all
    select
      'nyc_taxi' as database,
      matviewname as name,
      schemaname as schema,
      'materialized_view' as type
    from pg_matviews
    where schemaname ilike 'public_staging'
    union all
    select distinct
     'nyc_taxi' as database,
     proname as name,
     ns.nspname as schema,
     'function' as type
    from pg_proc
     join pg_namespace as ns on pronamespace = ns.oid
    where ns.nspname ilike 'public_staging'
  
[0m09:17:58.245161 [debug] [ThreadPool]: Using postgres connection "list_nyc_taxi_public_analytics"
[0m09:17:58.246215 [debug] [ThreadPool]: Opening a new connection, currently in state init
[0m09:17:58.247104 [debug] [ThreadPool]: On list_nyc_taxi_public_analytics: /* {"app": "dbt", "dbt_version": "1.12.5", "profile_name": "taxi_analytics", "target_name": "dev", "connection_name": "list_nyc_taxi_public_analytics"} */
select
      'nyc_taxi' as database,
      tablename as name,
      schemaname as schema,
      'table' as type
    from pg_tables
    where schemaname ilike 'public_analytics'
    union all
    select
      'nyc_taxi' as database,
      viewname as name,
      schemaname as schema,
      'view' as type
    from pg_views
    where schemaname ilike 'public_analytics'
    union all
    select
      'nyc_taxi' as database,
      matviewname as name,
      schemaname as schema,
      'materialized_view' as type
    from pg_matviews
    where schemaname ilike 'public_analytics'
    union all
    select distinct
     'nyc_taxi' as database,
     proname as name,
     ns.nspname as schema,
     'function' as type
    from pg_proc
     join pg_namespace as ns on pronamespace = ns.oid
    where ns.nspname ilike 'public_analytics'
  
[0m09:17:58.247900 [debug] [ThreadPool]: Opening a new connection, currently in state init
[0m09:17:58.330780 [debug] [ThreadPool]: SQL status: SELECT 1 in 0.088 seconds
[0m09:17:58.332876 [debug] [ThreadPool]: On list_nyc_taxi_public_reference: ROLLBACK
[0m09:17:58.333746 [debug] [ThreadPool]: On list_nyc_taxi_public_reference: Close
[0m09:17:58.335940 [debug] [ThreadPool]: SQL status: SELECT 0 in 0.090 seconds
[0m09:17:58.337927 [debug] [ThreadPool]: On list_nyc_taxi_public_staging: ROLLBACK
[0m09:17:58.338627 [debug] [ThreadPool]: On list_nyc_taxi_public_staging: Close
[0m09:17:58.343518 [debug] [ThreadPool]: SQL status: SELECT 0 in 0.096 seconds
[0m09:17:58.344992 [debug] [ThreadPool]: On list_nyc_taxi_public_analytics: ROLLBACK
[0m09:17:58.345642 [debug] [ThreadPool]: On list_nyc_taxi_public_analytics: Close
[0m09:17:58.410551 [debug] [ThreadPool]: SQL status: SELECT 0 in 0.171 seconds
[0m09:17:58.412105 [debug] [ThreadPool]: On list_nyc_taxi_public_intermediate: ROLLBACK
[0m09:17:58.412692 [debug] [ThreadPool]: On list_nyc_taxi_public_intermediate: Close
[0m09:17:58.420604 [debug] [MainThread]: Using postgres connection "master"
[0m09:17:58.421283 [debug] [MainThread]: On master: /* {"app": "dbt", "dbt_version": "1.12.5", "profile_name": "taxi_analytics", "target_name": "dev", "connection_name": "master"} */
select distinct
        dependent_namespace.nspname as dependent_schema,
        dependent_class.relname as dependent_name,
        referenced_namespace.nspname as referenced_schema,
        referenced_class.relname as referenced_name

    -- Query for views: views are entries in pg_class with an entry in pg_rewrite, but we avoid
    -- a seq scan on pg_rewrite by leveraging the fact there is an "internal" row in pg_depend for
    -- the view...
    from pg_class as dependent_class
    join pg_namespace as dependent_namespace on dependent_namespace.oid = dependent_class.relnamespace
    join pg_depend as dependent_depend on dependent_depend.refobjid = dependent_class.oid
        and dependent_depend.classid = 'pg_rewrite'::regclass
        and dependent_depend.refclassid = 'pg_class'::regclass
        and dependent_depend.deptype = 'i'

    -- ... and via pg_depend (that has a row per column, hence the need for "distinct" above, and
    -- making sure to exclude the internal row to avoid a view appearing to depend on itself)...
    join pg_depend as joining_depend on joining_depend.objid = dependent_depend.objid
        and joining_depend.classid = 'pg_rewrite'::regclass
        and joining_depend.refclassid = 'pg_class'::regclass
        and joining_depend.refobjid != dependent_depend.refobjid

    -- ... we can find the tables they query from in pg_class, but excluding system tables. Note we
    -- don't need need to exclude _dependent_ system tables, because they only query from other
    -- system tables, and so are automatically excluded by excluding _referenced_ system tables
    join pg_class as referenced_class on referenced_class.oid = joining_depend.refobjid
    join pg_namespace as referenced_namespace on referenced_namespace.oid = referenced_class.relnamespace
        and referenced_namespace.nspname != 'information_schema'
        and referenced_namespace.nspname not like 'pg\_%'

    order by
        dependent_schema, dependent_name, referenced_schema, referenced_name;
[0m09:17:58.421682 [debug] [MainThread]: Opening a new connection, currently in state init
[0m09:17:58.611368 [debug] [MainThread]: SQL status: SELECT 0 in 0.190 seconds
[0m09:17:58.613976 [debug] [MainThread]: Sending event: {'category': 'dbt', 'action': 'runnable_timing', 'label': '5765a3ee-6976-42e1-9ca0-a7170d3cf8a9', 'context': [<snowplow_tracker.self_describing_json.SelfDescribingJson object at 0x00000216B74C1CC0>]}
[0m09:17:58.614890 [debug] [MainThread]: On master: ROLLBACK
[0m09:17:58.616003 [debug] [MainThread]: On master: COMMIT
[0m09:17:58.616663 [debug] [MainThread]: Using postgres connection "master"
[0m09:17:58.617314 [debug] [MainThread]: On master: COMMIT
[0m09:17:58.618757 [debug] [MainThread]: SQL status: COMMIT in 0.001 seconds
[0m09:17:58.619455 [debug] [MainThread]: On master: Close
[0m09:17:58.632165 [debug] [Thread-2 (]: Began running node model.taxi_analytics.stg_zones
[0m09:17:58.633329 [debug] [Thread-1 (]: Began running node model.taxi_analytics.stg_trips
[0m09:17:58.634246 [info ] [Thread-2 (]: 2 of 2 START sql view model public_staging.stg_zones ........................... [RUN]
[0m09:17:58.636198 [debug] [Thread-2 (]: Acquiring new postgres connection 'model.taxi_analytics.stg_zones'
[0m09:17:58.636857 [debug] [Thread-2 (]: Began compiling node model.taxi_analytics.stg_zones
[0m09:17:58.644505 [debug] [Thread-2 (]: Writing injected SQL for node "model.taxi_analytics.stg_zones"
[0m09:17:58.635178 [info ] [Thread-1 (]: 1 of 2 START sql view model public_staging.stg_trips ........................... [RUN]
[0m09:17:58.645751 [debug] [Thread-1 (]: Acquiring new postgres connection 'model.taxi_analytics.stg_trips'
[0m09:17:58.646182 [debug] [Thread-1 (]: Began compiling node model.taxi_analytics.stg_trips
[0m09:17:58.648279 [debug] [Thread-1 (]: Writing injected SQL for node "model.taxi_analytics.stg_trips"
[0m09:17:58.654208 [debug] [Thread-2 (]: Began executing node model.taxi_analytics.stg_zones
[0m09:17:58.661321 [debug] [Thread-1 (]: Began executing node model.taxi_analytics.stg_trips
[0m09:17:58.703668 [debug] [Thread-2 (]: Writing runtime sql for node "model.taxi_analytics.stg_zones"
[0m09:17:58.705819 [debug] [Thread-1 (]: Writing runtime sql for node "model.taxi_analytics.stg_trips"
[0m09:17:58.710524 [debug] [Thread-1 (]: Using postgres connection "model.taxi_analytics.stg_trips"
[0m09:17:58.711222 [debug] [Thread-1 (]: On model.taxi_analytics.stg_trips: /* {"app": "dbt", "dbt_version": "1.12.5", "profile_name": "taxi_analytics", "target_name": "dev", "node_id": "model.taxi_analytics.stg_trips"} */

  create view "nyc_taxi"."public_staging"."stg_trips__dbt_tmp"
    
    
  as (
    -- dbt/taxi_analytics/models/staging/stg_trips.sql
--
-- Staging layer: light renaming/casting only, no business logic.
-- Source: staging.stg_taxi_trips (loaded by src/warehouse/load.py).
--
-- IMPORTANT DESIGN NOTE: the raw TLC data has NO natural trip
-- identifier -- there's no trip_id column in the source at all. Since
-- the project's documented grain is "one row = one taxi trip", we
-- need *some* stable identifier for tests (unique, not_null) and for
-- joins downstream. We synthesize one as a hash of the fields that,
-- together, should uniquely identify a real trip: vendor, pickup time,
-- dropoff time, and both locations. This is a reasonable surrogate key
-- for a batch pipeline like this one, though it's worth knowing its
-- limitation: two genuinely different trips with identical vendor,
-- identical pickup/dropoff timestamps, and identical locations would
-- collide. Given TLC's timestamp granularity (to the second) this is
-- extremely unlikely in practice, but it's an assumption, not a
-- mathematical guarantee -- worth stating explicitly if asked in an
-- interview.

with source as (
    select * from "nyc_taxi"."staging"."stg_taxi_trips"
)

select
    md5(
        concat_ws(
            '|',
            "VendorID"::text,
            tpep_pickup_datetime::text,
            tpep_dropoff_datetime::text,
            "PULocationID"::text,
            "DOLocationID"::text
        )
    ) as trip_id,

    "VendorID"            as vendor_id,
    tpep_pickup_datetime  as pickup_datetime,
    tpep_dropoff_datetime as dropoff_datetime,
    "PULocationID"        as pickup_location_id,
    "DOLocationID"        as dropoff_location_id,
    "RatecodeID"          as ratecode_id,
    payment_type,

    passenger_count,
    trip_distance,
    trip_duration_minutes,

    fare_amount,
    extra,
    mta_tax,
    tip_amount,
    tolls_amount,
    improvement_surcharge,
    congestion_surcharge,
    airport_fee,
    cbd_congestion_fee,
    total_amount,

    pickup_date,
    pickup_hour,
    pickup_weekday,
    pickup_month,

    is_suspicious,
    batch_year,
    batch_month

from source
  );
[0m09:17:58.711851 [debug] [Thread-1 (]: Opening a new connection, currently in state init
[0m09:17:58.712773 [debug] [Thread-2 (]: Using postgres connection "model.taxi_analytics.stg_zones"
[0m09:17:58.713513 [debug] [Thread-2 (]: On model.taxi_analytics.stg_zones: /* {"app": "dbt", "dbt_version": "1.12.5", "profile_name": "taxi_analytics", "target_name": "dev", "node_id": "model.taxi_analytics.stg_zones"} */

  create view "nyc_taxi"."public_staging"."stg_zones__dbt_tmp"
    
    
  as (
    -- dbt/taxi_analytics/models/staging/stg_zones.sql
--
-- Staging layer for the taxi zone lookup reference table (loaded via
-- `dbt seed` from dbt/seeds/taxi_zone_lookup.csv). Light renaming to
-- snake_case only, matching the convention used across every staging
-- model in this project.

with source as (
    select * from "nyc_taxi"."public_reference"."taxi_zone_lookup"
)

select
    "LocationID" as location_id,
    "Borough"    as borough,
    "Zone"       as zone,
    "service_zone" as service_zone

from source
  );
[0m09:17:58.713973 [debug] [Thread-2 (]: Opening a new connection, currently in state init
[0m09:17:58.887927 [debug] [Thread-2 (]: SQL status: CREATE VIEW in 0.174 seconds
[0m09:17:58.900481 [debug] [Thread-2 (]: Using postgres connection "model.taxi_analytics.stg_zones"
[0m09:17:58.901630 [debug] [Thread-2 (]: On model.taxi_analytics.stg_zones: /* {"app": "dbt", "dbt_version": "1.12.5", "profile_name": "taxi_analytics", "target_name": "dev", "node_id": "model.taxi_analytics.stg_zones"} */
alter table "nyc_taxi"."public_staging"."stg_zones__dbt_tmp" rename to "stg_zones"
[0m09:17:58.903619 [debug] [Thread-2 (]: SQL status: ALTER TABLE in 0.001 seconds
[0m09:17:58.931667 [debug] [Thread-1 (]: SQL status: CREATE VIEW in 0.220 seconds
[0m09:17:58.935316 [debug] [Thread-1 (]: Using postgres connection "model.taxi_analytics.stg_trips"
[0m09:17:58.935982 [debug] [Thread-1 (]: On model.taxi_analytics.stg_trips: /* {"app": "dbt", "dbt_version": "1.12.5", "profile_name": "taxi_analytics", "target_name": "dev", "node_id": "model.taxi_analytics.stg_trips"} */
alter table "nyc_taxi"."public_staging"."stg_trips__dbt_tmp" rename to "stg_trips"
[0m09:17:58.942072 [debug] [Thread-2 (]: On model.taxi_analytics.stg_zones: COMMIT
[0m09:17:58.942864 [debug] [Thread-2 (]: Using postgres connection "model.taxi_analytics.stg_zones"
[0m09:17:58.943444 [debug] [Thread-2 (]: On model.taxi_analytics.stg_zones: COMMIT
[0m09:17:58.944189 [debug] [Thread-1 (]: SQL status: ALTER TABLE in 0.007 seconds
[0m09:17:58.947012 [debug] [Thread-1 (]: On model.taxi_analytics.stg_trips: COMMIT
[0m09:17:58.947916 [debug] [Thread-2 (]: SQL status: COMMIT in 0.004 seconds
[0m09:17:58.948537 [debug] [Thread-1 (]: Using postgres connection "model.taxi_analytics.stg_trips"
[0m09:17:58.956616 [debug] [Thread-2 (]: Applying DROP to: "nyc_taxi"."public_staging"."stg_zones__dbt_backup"
[0m09:17:58.957194 [debug] [Thread-1 (]: On model.taxi_analytics.stg_trips: COMMIT
[0m09:17:58.962561 [debug] [Thread-2 (]: Using postgres connection "model.taxi_analytics.stg_zones"
[0m09:17:58.963436 [debug] [Thread-2 (]: On model.taxi_analytics.stg_zones: /* {"app": "dbt", "dbt_version": "1.12.5", "profile_name": "taxi_analytics", "target_name": "dev", "node_id": "model.taxi_analytics.stg_zones"} */
drop view if exists "nyc_taxi"."public_staging"."stg_zones__dbt_backup" cascade
[0m09:17:58.965595 [debug] [Thread-1 (]: SQL status: COMMIT in 0.003 seconds
[0m09:17:58.967354 [debug] [Thread-1 (]: Applying DROP to: "nyc_taxi"."public_staging"."stg_trips__dbt_backup"
[0m09:17:58.968088 [debug] [Thread-1 (]: Using postgres connection "model.taxi_analytics.stg_trips"
[0m09:17:58.968476 [debug] [Thread-1 (]: On model.taxi_analytics.stg_trips: /* {"app": "dbt", "dbt_version": "1.12.5", "profile_name": "taxi_analytics", "target_name": "dev", "node_id": "model.taxi_analytics.stg_trips"} */
drop view if exists "nyc_taxi"."public_staging"."stg_trips__dbt_backup" cascade
[0m09:17:59.074981 [debug] [Thread-2 (]: SQL status: DROP VIEW in 0.110 seconds
[0m09:17:59.076097 [debug] [Thread-1 (]: SQL status: DROP VIEW in 0.107 seconds
[0m09:17:59.081791 [debug] [Thread-2 (]: On model.taxi_analytics.stg_zones: Close
[0m09:17:59.084989 [debug] [Thread-1 (]: On model.taxi_analytics.stg_trips: Close
[0m09:17:59.093376 [debug] [Thread-2 (]: Sending event: {'category': 'dbt', 'action': 'run_model', 'label': '5765a3ee-6976-42e1-9ca0-a7170d3cf8a9', 'context': [<snowplow_tracker.self_describing_json.SelfDescribingJson object at 0x00000216B7364590>]}
[0m09:17:59.094969 [debug] [Thread-1 (]: Sending event: {'category': 'dbt', 'action': 'run_model', 'label': '5765a3ee-6976-42e1-9ca0-a7170d3cf8a9', 'context': [<snowplow_tracker.self_describing_json.SelfDescribingJson object at 0x00000216B74B8680>]}
[0m09:17:59.097149 [info ] [Thread-2 (]: 2 of 2 OK created sql view model public_staging.stg_zones ...................... [[32mCREATE VIEW[0m in 0.45s]
[0m09:17:59.101604 [debug] [Thread-2 (]: Finished running node model.taxi_analytics.stg_zones
[0m09:17:59.099222 [info ] [Thread-1 (]: 1 of 2 OK created sql view model public_staging.stg_trips ...................... [[32mCREATE VIEW[0m in 0.45s]
[0m09:17:59.104220 [debug] [Thread-1 (]: Finished running node model.taxi_analytics.stg_trips
[0m09:17:59.108052 [debug] [MainThread]: On master: COMMIT
[0m09:17:59.108947 [debug] [MainThread]: Using postgres connection "master"
[0m09:17:59.109672 [debug] [MainThread]: On master: COMMIT
[0m09:17:59.110313 [debug] [MainThread]: Opening a new connection, currently in state closed
[0m09:17:59.206265 [debug] [MainThread]: SQL status: COMMIT in 0.096 seconds
[0m09:17:59.206723 [debug] [MainThread]: On master: Close
[0m09:17:59.207241 [debug] [MainThread]: Connection 'master' was properly closed.
[0m09:17:59.207592 [debug] [MainThread]: Connection 'create_nyc_taxi_public_staging' was properly closed.
[0m09:17:59.208044 [debug] [MainThread]: Connection 'list_nyc_taxi_public_intermediate' was properly closed.
[0m09:17:59.208292 [debug] [MainThread]: Connection 'list_nyc_taxi_public_reference' was properly closed.
[0m09:17:59.208530 [debug] [MainThread]: Connection 'list_nyc_taxi_public_staging' was properly closed.
[0m09:17:59.208792 [debug] [MainThread]: Connection 'list_nyc_taxi_public_analytics' was properly closed.
[0m09:17:59.209021 [debug] [MainThread]: Connection 'model.taxi_analytics.stg_zones' was properly closed.
[0m09:17:59.209240 [debug] [MainThread]: Connection 'model.taxi_analytics.stg_trips' was properly closed.
[0m09:17:59.209849 [info ] [MainThread]: 
[0m09:17:59.210694 [info ] [MainThread]: Finished running 2 view models in 0 hours 0 minutes and 1.39 seconds (1.39s).
[0m09:17:59.212613 [debug] [MainThread]: Command end result
[0m09:17:59.281624 [debug] [MainThread]: Wrote artifact WritableManifest to D:\MEHDI\Study\WISD-EID\projetcs\NYC TaxiFlow\dbt\target\manifest.json
[0m09:17:59.287973 [debug] [MainThread]: Wrote artifact SemanticManifest to D:\MEHDI\Study\WISD-EID\projetcs\NYC TaxiFlow\dbt\target\semantic_manifest.json
[0m09:17:59.292116 [debug] [MainThread]: Wrote artifact OsiDocument to D:\MEHDI\Study\WISD-EID\projetcs\NYC TaxiFlow\dbt\target\osi_document.json
[0m09:17:59.302570 [debug] [MainThread]: Wrote artifact RunExecutionResult to D:\MEHDI\Study\WISD-EID\projetcs\NYC TaxiFlow\dbt\target\run_results.json
[0m09:17:59.303170 [info ] [MainThread]: 
[0m09:17:59.303987 [info ] [MainThread]: [32mCompleted successfully[0m
[0m09:17:59.304585 [info ] [MainThread]: 
[0m09:17:59.305184 [info ] [MainThread]: Done. PASS=2 WARN=0 ERROR=0 SKIP=0 NO-OP=0 REUSED=0 TOTAL=2
[0m09:17:59.307403 [debug] [MainThread]: Command `dbt run` succeeded at 09:17:59.307032 after 4.92 seconds
[0m09:17:59.308279 [debug] [MainThread]: Sending event: {'category': 'dbt', 'action': 'invocation', 'label': 'end', 'context': [<snowplow_tracker.self_describing_json.SelfDescribingJson object at 0x00000216B752BA70>, <snowplow_tracker.self_describing_json.SelfDescribingJson object at 0x00000216B7585AC0>, <snowplow_tracker.self_describing_json.SelfDescribingJson object at 0x00000216B6DB9650>]}
[0m09:17:59.309065 [debug] [MainThread]: Flushing usage events
[0m09:18:10.506873 [debug] [MainThread]: An error was encountered while trying to flush usage events
[0m09:18:18.965972 [debug] [MainThread]: Sending event: {'category': 'dbt', 'action': 'invocation', 'label': 'start', 'context': [<snowplow_tracker.self_describing_json.SelfDescribingJson object at 0x000001C1B3137230>, <snowplow_tracker.self_describing_json.SelfDescribingJson object at 0x000001C1B56EBED0>, <snowplow_tracker.self_describing_json.SelfDescribingJson object at 0x000001C1B56EBC50>]}


============================== 09:18:18.975407 | 7c6fc628-eafd-47b8-95b7-72d77edd111e ==============================
[0m09:18:18.975407 [info ] [MainThread]: Running with dbt=1.12.5
[0m09:18:18.976326 [debug] [MainThread]: running dbt with arguments {'maximum_seed_size_mib': '1', 'no_print': 'None', 'static_parser': 'True', 'target_path': 'None', 'warn_error_options': 'WarnErrorOptionsV2(error=[], warn=[], silence=[])', 'version_check': 'True', 'printer_width': '80', 'write_json': 'True', 'introspect': 'True', 'log_cache_events': 'False', 'empty': 'None', 'cache_selected_only': 'False', 'fail_fast': 'False', 'debug': 'False', 'log_format': 'default', 'profiles_dir': 'D:\\MEHDI\\Study\\WISD-EID\\projetcs\\NYC TaxiFlow\\dbt', 'send_anonymous_usage_stats': 'True', 'quiet': 'False', 'warn_error': 'None', 'partial_parse': 'True', 'indirect_selection': 'eager', 'hints_enabled': 'True', 'invocation_command': 'dbt test', 'use_experimental_parser': 'False', 'use_colors': 'True', 'log_path': 'D:\\MEHDI\\Study\\WISD-EID\\projetcs\\NYC TaxiFlow\\dbt\\logs'}
[0m09:18:19.388096 [debug] [MainThread]: Sending event: {'category': 'dbt', 'action': 'project_id', 'label': '7c6fc628-eafd-47b8-95b7-72d77edd111e', 'context': [<snowplow_tracker.self_describing_json.SelfDescribingJson object at 0x000001C1B366F100>]}
[0m09:18:19.503193 [debug] [MainThread]: Sending event: {'category': 'dbt', 'action': 'adapter_info', 'label': '7c6fc628-eafd-47b8-95b7-72d77edd111e', 'context': [<snowplow_tracker.self_describing_json.SelfDescribingJson object at 0x000001C1B5846690>]}
[0m09:18:19.505055 [info ] [MainThread]: Registered adapter: postgres=1.11.0
[0m09:18:19.919640 [debug] [MainThread]: checksum: 9607b53e0bcec4aae7a28a2b598befef7e2640a23c376f5ae19341de1d9729bc, vars: {}, profile: taxi_analytics, target: dev, version: 1.12.5
[0m09:18:20.175933 [debug] [MainThread]: Partial parsing enabled: 0 files deleted, 0 files added, 0 files changed.
[0m09:18:20.176339 [debug] [MainThread]: Nothing changed, skipping partial parsing.
[0m09:18:20.176624 [debug] [MainThread]: Partial parsing enabled, no changes found, skipping parsing
[0m09:18:20.186137 [debug] [MainThread]: Sending event: {'category': 'dbt', 'action': 'load_project', 'label': '7c6fc628-eafd-47b8-95b7-72d77edd111e', 'context': [<snowplow_tracker.self_describing_json.SelfDescribingJson object at 0x000001C1B5D27850>]}
[0m09:18:20.509970 [debug] [MainThread]: Wrote artifact WritableManifest to D:\MEHDI\Study\WISD-EID\projetcs\NYC TaxiFlow\dbt\target\manifest.json
[0m09:18:20.517956 [debug] [MainThread]: Wrote artifact SemanticManifest to D:\MEHDI\Study\WISD-EID\projetcs\NYC TaxiFlow\dbt\target\semantic_manifest.json
[0m09:18:20.591631 [debug] [MainThread]: Wrote artifact OsiDocument to D:\MEHDI\Study\WISD-EID\projetcs\NYC TaxiFlow\dbt\target\osi_document.json
[0m09:18:20.704093 [debug] [MainThread]: Sending event: {'category': 'dbt', 'action': 'resource_counts', 'label': '7c6fc628-eafd-47b8-95b7-72d77edd111e', 'context': [<snowplow_tracker.self_describing_json.SelfDescribingJson object at 0x000001C1B5F625D0>]}
[0m09:18:20.705367 [info ] [MainThread]: Found 10 models, 12 data tests, 1 seed, 1 source, 477 macros
[0m09:18:20.706778 [debug] [MainThread]: Sending event: {'category': 'dbt', 'action': 'runnable_timing', 'label': '7c6fc628-eafd-47b8-95b7-72d77edd111e', 'context': [<snowplow_tracker.self_describing_json.SelfDescribingJson object at 0x000001C1B5CB1010>]}
[0m09:18:20.713345 [info ] [MainThread]: 
[0m09:18:20.714574 [info ] [MainThread]: Concurrency: 4 threads (target='dev')
[0m09:18:20.715523 [info ] [MainThread]: 
[0m09:18:20.716861 [debug] [MainThread]: Acquiring new postgres connection 'master'
[0m09:18:20.728698 [debug] [ThreadPool]: Acquiring new postgres connection 'list_nyc_taxi_public_intermediate'
[0m09:18:20.736484 [debug] [ThreadPool]: Acquiring new postgres connection 'list_nyc_taxi_public_reference'
[0m09:18:20.778518 [debug] [ThreadPool]: Acquiring new postgres connection 'list_nyc_taxi_public_staging'
[0m09:18:20.787081 [debug] [ThreadPool]: Acquiring new postgres connection 'list_nyc_taxi_public_analytics'
[0m09:18:20.914082 [debug] [ThreadPool]: Using postgres connection "list_nyc_taxi_public_intermediate"
[0m09:18:20.914740 [debug] [ThreadPool]: Using postgres connection "list_nyc_taxi_public_staging"
[0m09:18:20.915262 [debug] [ThreadPool]: On list_nyc_taxi_public_intermediate: /* {"app": "dbt", "dbt_version": "1.12.5", "profile_name": "taxi_analytics", "target_name": "dev", "connection_name": "list_nyc_taxi_public_intermediate"} */
select
      'nyc_taxi' as database,
      tablename as name,
      schemaname as schema,
      'table' as type
    from pg_tables
    where schemaname ilike 'public_intermediate'
    union all
    select
      'nyc_taxi' as database,
      viewname as name,
      schemaname as schema,
      'view' as type
    from pg_views
    where schemaname ilike 'public_intermediate'
    union all
    select
      'nyc_taxi' as database,
      matviewname as name,
      schemaname as schema,
      'materialized_view' as type
    from pg_matviews
    where schemaname ilike 'public_intermediate'
    union all
    select distinct
     'nyc_taxi' as database,
     proname as name,
     ns.nspname as schema,
     'function' as type
    from pg_proc
     join pg_namespace as ns on pronamespace = ns.oid
    where ns.nspname ilike 'public_intermediate'
  
[0m09:18:20.915808 [debug] [ThreadPool]: Using postgres connection "list_nyc_taxi_public_reference"
[0m09:18:20.916296 [debug] [ThreadPool]: Using postgres connection "list_nyc_taxi_public_analytics"
[0m09:18:20.916670 [debug] [ThreadPool]: On list_nyc_taxi_public_staging: /* {"app": "dbt", "dbt_version": "1.12.5", "profile_name": "taxi_analytics", "target_name": "dev", "connection_name": "list_nyc_taxi_public_staging"} */
select
      'nyc_taxi' as database,
      tablename as name,
      schemaname as schema,
      'table' as type
    from pg_tables
    where schemaname ilike 'public_staging'
    union all
    select
      'nyc_taxi' as database,
      viewname as name,
      schemaname as schema,
      'view' as type
    from pg_views
    where schemaname ilike 'public_staging'
    union all
    select
      'nyc_taxi' as database,
      matviewname as name,
      schemaname as schema,
      'materialized_view' as type
    from pg_matviews
    where schemaname ilike 'public_staging'
    union all
    select distinct
     'nyc_taxi' as database,
     proname as name,
     ns.nspname as schema,
     'function' as type
    from pg_proc
     join pg_namespace as ns on pronamespace = ns.oid
    where ns.nspname ilike 'public_staging'
  
[0m09:18:20.917199 [debug] [ThreadPool]: Opening a new connection, currently in state init
[0m09:18:20.917730 [debug] [ThreadPool]: On list_nyc_taxi_public_reference: /* {"app": "dbt", "dbt_version": "1.12.5", "profile_name": "taxi_analytics", "target_name": "dev", "connection_name": "list_nyc_taxi_public_reference"} */
select
      'nyc_taxi' as database,
      tablename as name,
      schemaname as schema,
      'table' as type
    from pg_tables
    where schemaname ilike 'public_reference'
    union all
    select
      'nyc_taxi' as database,
      viewname as name,
      schemaname as schema,
      'view' as type
    from pg_views
    where schemaname ilike 'public_reference'
    union all
    select
      'nyc_taxi' as database,
      matviewname as name,
      schemaname as schema,
      'materialized_view' as type
    from pg_matviews
    where schemaname ilike 'public_reference'
    union all
    select distinct
     'nyc_taxi' as database,
     proname as name,
     ns.nspname as schema,
     'function' as type
    from pg_proc
     join pg_namespace as ns on pronamespace = ns.oid
    where ns.nspname ilike 'public_reference'
  
[0m09:18:20.918232 [debug] [ThreadPool]: On list_nyc_taxi_public_analytics: /* {"app": "dbt", "dbt_version": "1.12.5", "profile_name": "taxi_analytics", "target_name": "dev", "connection_name": "list_nyc_taxi_public_analytics"} */
select
      'nyc_taxi' as database,
      tablename as name,
      schemaname as schema,
      'table' as type
    from pg_tables
    where schemaname ilike 'public_analytics'
    union all
    select
      'nyc_taxi' as database,
      viewname as name,
      schemaname as schema,
      'view' as type
    from pg_views
    where schemaname ilike 'public_analytics'
    union all
    select
      'nyc_taxi' as database,
      matviewname as name,
      schemaname as schema,
      'materialized_view' as type
    from pg_matviews
    where schemaname ilike 'public_analytics'
    union all
    select distinct
     'nyc_taxi' as database,
     proname as name,
     ns.nspname as schema,
     'function' as type
    from pg_proc
     join pg_namespace as ns on pronamespace = ns.oid
    where ns.nspname ilike 'public_analytics'
  
[0m09:18:20.918687 [debug] [ThreadPool]: Opening a new connection, currently in state init
[0m09:18:20.919417 [debug] [ThreadPool]: Opening a new connection, currently in state init
[0m09:18:20.919778 [debug] [ThreadPool]: Opening a new connection, currently in state init
[0m09:18:21.024169 [debug] [ThreadPool]: SQL status: SELECT 0 in 0.107 seconds
[0m09:18:21.026382 [debug] [ThreadPool]: On list_nyc_taxi_public_intermediate: ROLLBACK
[0m09:18:21.027033 [debug] [ThreadPool]: SQL status: SELECT 0 in 0.107 seconds
[0m09:18:21.028773 [debug] [ThreadPool]: On list_nyc_taxi_public_analytics: ROLLBACK
[0m09:18:21.029246 [debug] [ThreadPool]: SQL status: SELECT 2 in 0.110 seconds
[0m09:18:21.030894 [debug] [ThreadPool]: On list_nyc_taxi_public_staging: ROLLBACK
[0m09:18:21.031444 [debug] [ThreadPool]: On list_nyc_taxi_public_intermediate: Close
[0m09:18:21.031794 [debug] [ThreadPool]: On list_nyc_taxi_public_analytics: Close
[0m09:18:21.032140 [debug] [ThreadPool]: SQL status: SELECT 1 in 0.113 seconds
[0m09:18:21.034147 [debug] [ThreadPool]: On list_nyc_taxi_public_reference: ROLLBACK
[0m09:18:21.035050 [debug] [ThreadPool]: On list_nyc_taxi_public_staging: Close
[0m09:18:21.036303 [debug] [ThreadPool]: On list_nyc_taxi_public_reference: Close
[0m09:18:21.044925 [debug] [MainThread]: Using postgres connection "master"
[0m09:18:21.045615 [debug] [MainThread]: On master: /* {"app": "dbt", "dbt_version": "1.12.5", "profile_name": "taxi_analytics", "target_name": "dev", "connection_name": "master"} */
select distinct
        dependent_namespace.nspname as dependent_schema,
        dependent_class.relname as dependent_name,
        referenced_namespace.nspname as referenced_schema,
        referenced_class.relname as referenced_name

    -- Query for views: views are entries in pg_class with an entry in pg_rewrite, but we avoid
    -- a seq scan on pg_rewrite by leveraging the fact there is an "internal" row in pg_depend for
    -- the view...
    from pg_class as dependent_class
    join pg_namespace as dependent_namespace on dependent_namespace.oid = dependent_class.relnamespace
    join pg_depend as dependent_depend on dependent_depend.refobjid = dependent_class.oid
        and dependent_depend.classid = 'pg_rewrite'::regclass
        and dependent_depend.refclassid = 'pg_class'::regclass
        and dependent_depend.deptype = 'i'

    -- ... and via pg_depend (that has a row per column, hence the need for "distinct" above, and
    -- making sure to exclude the internal row to avoid a view appearing to depend on itself)...
    join pg_depend as joining_depend on joining_depend.objid = dependent_depend.objid
        and joining_depend.classid = 'pg_rewrite'::regclass
        and joining_depend.refclassid = 'pg_class'::regclass
        and joining_depend.refobjid != dependent_depend.refobjid

    -- ... we can find the tables they query from in pg_class, but excluding system tables. Note we
    -- don't need need to exclude _dependent_ system tables, because they only query from other
    -- system tables, and so are automatically excluded by excluding _referenced_ system tables
    join pg_class as referenced_class on referenced_class.oid = joining_depend.refobjid
    join pg_namespace as referenced_namespace on referenced_namespace.oid = referenced_class.relnamespace
        and referenced_namespace.nspname != 'information_schema'
        and referenced_namespace.nspname not like 'pg\_%'

    order by
        dependent_schema, dependent_name, referenced_schema, referenced_name;
[0m09:18:21.046025 [debug] [MainThread]: Opening a new connection, currently in state init
[0m09:18:21.109885 [debug] [MainThread]: SQL status: SELECT 2 in 0.064 seconds
[0m09:18:21.113655 [debug] [MainThread]: Sending event: {'category': 'dbt', 'action': 'runnable_timing', 'label': '7c6fc628-eafd-47b8-95b7-72d77edd111e', 'context': [<snowplow_tracker.self_describing_json.SelfDescribingJson object at 0x000001C1B615DCC0>]}
[0m09:18:21.114744 [debug] [MainThread]: On master: ROLLBACK
[0m09:18:21.116285 [debug] [MainThread]: On master: COMMIT
[0m09:18:21.117046 [debug] [MainThread]: Using postgres connection "master"
[0m09:18:21.117649 [debug] [MainThread]: On master: COMMIT
[0m09:18:21.118602 [debug] [MainThread]: SQL status: COMMIT in 0.000 seconds
[0m09:18:21.118992 [debug] [MainThread]: On master: Close
[0m09:18:21.127507 [debug] [Thread-3 (]: Began running node test.taxi_analytics.not_null_stg_trips_pickup_datetime.4df9e7a15c
[0m09:18:21.128260 [debug] [Thread-1 (]: Began running node test.taxi_analytics.accepted_values_stg_trips_payment_type__0__1__2__3__4__5__6.0972e03b73
[0m09:18:21.128778 [debug] [Thread-4 (]: Began running node test.taxi_analytics.not_null_stg_trips_trip_id.159f524fc2
[0m09:18:21.129241 [debug] [Thread-2 (]: Began running node test.taxi_analytics.not_null_stg_trips_dropoff_datetime.40138f282b
[0m09:18:21.129730 [info ] [Thread-3 (]: 3 of 10 START test not_null_stg_trips_pickup_datetime .......................... [RUN]
[0m09:18:21.131050 [info ] [Thread-1 (]: 1 of 10 START test accepted_values_stg_trips_payment_type__0__1__2__3__4__5__6 . [RUN]
[0m09:18:21.131700 [info ] [Thread-4 (]: 4 of 10 START test not_null_stg_trips_trip_id .................................. [RUN]
[0m09:18:21.134084 [debug] [Thread-3 (]: Acquiring new postgres connection 'test.taxi_analytics.not_null_stg_trips_pickup_datetime.4df9e7a15c'
[0m09:18:21.134891 [debug] [Thread-1 (]: Acquiring new postgres connection 'test.taxi_analytics.accepted_values_stg_trips_payment_type__0__1__2__3__4__5__6.0972e03b73'
[0m09:18:21.135395 [debug] [Thread-4 (]: Acquiring new postgres connection 'test.taxi_analytics.not_null_stg_trips_trip_id.159f524fc2'
[0m09:18:21.132385 [info ] [Thread-2 (]: 2 of 10 START test not_null_stg_trips_dropoff_datetime ......................... [RUN]
[0m09:18:21.135885 [debug] [Thread-3 (]: Began compiling node test.taxi_analytics.not_null_stg_trips_pickup_datetime.4df9e7a15c
[0m09:18:21.136244 [debug] [Thread-1 (]: Began compiling node test.taxi_analytics.accepted_values_stg_trips_payment_type__0__1__2__3__4__5__6.0972e03b73
[0m09:18:21.136580 [debug] [Thread-4 (]: Began compiling node test.taxi_analytics.not_null_stg_trips_trip_id.159f524fc2
[0m09:18:21.137032 [debug] [Thread-2 (]: Acquiring new postgres connection 'test.taxi_analytics.not_null_stg_trips_dropoff_datetime.40138f282b'
[0m09:18:21.158332 [debug] [Thread-3 (]: Writing injected SQL for node "test.taxi_analytics.not_null_stg_trips_pickup_datetime.4df9e7a15c"
[0m09:18:21.171268 [debug] [Thread-1 (]: Writing injected SQL for node "test.taxi_analytics.accepted_values_stg_trips_payment_type__0__1__2__3__4__5__6.0972e03b73"
[0m09:18:21.177321 [debug] [Thread-4 (]: Writing injected SQL for node "test.taxi_analytics.not_null_stg_trips_trip_id.159f524fc2"
[0m09:18:21.177877 [debug] [Thread-2 (]: Began compiling node test.taxi_analytics.not_null_stg_trips_dropoff_datetime.40138f282b
[0m09:18:21.188595 [debug] [Thread-2 (]: Writing injected SQL for node "test.taxi_analytics.not_null_stg_trips_dropoff_datetime.40138f282b"
[0m09:18:21.191533 [debug] [Thread-1 (]: Began executing node test.taxi_analytics.accepted_values_stg_trips_payment_type__0__1__2__3__4__5__6.0972e03b73
[0m09:18:21.192359 [debug] [Thread-3 (]: Began executing node test.taxi_analytics.not_null_stg_trips_pickup_datetime.4df9e7a15c
[0m09:18:21.212203 [debug] [Thread-1 (]: Writing runtime sql for node "test.taxi_analytics.accepted_values_stg_trips_payment_type__0__1__2__3__4__5__6.0972e03b73"
[0m09:18:21.214723 [debug] [Thread-3 (]: Writing runtime sql for node "test.taxi_analytics.not_null_stg_trips_pickup_datetime.4df9e7a15c"
[0m09:18:21.215627 [debug] [Thread-2 (]: Began executing node test.taxi_analytics.not_null_stg_trips_dropoff_datetime.40138f282b
[0m09:18:21.216603 [debug] [Thread-4 (]: Began executing node test.taxi_analytics.not_null_stg_trips_trip_id.159f524fc2
[0m09:18:21.219481 [debug] [Thread-2 (]: Writing runtime sql for node "test.taxi_analytics.not_null_stg_trips_dropoff_datetime.40138f282b"
[0m09:18:21.222607 [debug] [Thread-4 (]: Writing runtime sql for node "test.taxi_analytics.not_null_stg_trips_trip_id.159f524fc2"
[0m09:18:21.224587 [debug] [Thread-3 (]: Using postgres connection "test.taxi_analytics.not_null_stg_trips_pickup_datetime.4df9e7a15c"
[0m09:18:21.225269 [debug] [Thread-3 (]: On test.taxi_analytics.not_null_stg_trips_pickup_datetime.4df9e7a15c: /* {"app": "dbt", "dbt_version": "1.12.5", "profile_name": "taxi_analytics", "target_name": "dev", "node_id": "test.taxi_analytics.not_null_stg_trips_pickup_datetime.4df9e7a15c"} */

    
    select
      count(*) as failures,
      count(*) != 0 as should_warn,
      count(*) != 0 as should_error
    from (
      
    
  
    
    



select pickup_datetime
from "nyc_taxi"."public_staging"."stg_trips"
where pickup_datetime is null



  
  
      
    ) dbt_internal_test
[0m09:18:21.225966 [debug] [Thread-3 (]: Opening a new connection, currently in state init
[0m09:18:21.226887 [debug] [Thread-1 (]: Using postgres connection "test.taxi_analytics.accepted_values_stg_trips_payment_type__0__1__2__3__4__5__6.0972e03b73"
[0m09:18:21.227564 [debug] [Thread-1 (]: On test.taxi_analytics.accepted_values_stg_trips_payment_type__0__1__2__3__4__5__6.0972e03b73: /* {"app": "dbt", "dbt_version": "1.12.5", "profile_name": "taxi_analytics", "target_name": "dev", "node_id": "test.taxi_analytics.accepted_values_stg_trips_payment_type__0__1__2__3__4__5__6.0972e03b73"} */

    
    select
      count(*) as failures,
      count(*) != 0 as should_warn,
      count(*) != 0 as should_error
    from (
      
    
  
    
    

with all_values as (

    select
        payment_type as value_field,
        count(*) as n_records

    from "nyc_taxi"."public_staging"."stg_trips"
    group by payment_type

)

select *
from all_values
where value_field not in (
    '0','1','2','3','4','5','6'
)



  
  
      
    ) dbt_internal_test
[0m09:18:21.228492 [debug] [Thread-1 (]: Opening a new connection, currently in state init
[0m09:18:21.229402 [debug] [Thread-2 (]: Using postgres connection "test.taxi_analytics.not_null_stg_trips_dropoff_datetime.40138f282b"
[0m09:18:21.230068 [debug] [Thread-2 (]: On test.taxi_analytics.not_null_stg_trips_dropoff_datetime.40138f282b: /* {"app": "dbt", "dbt_version": "1.12.5", "profile_name": "taxi_analytics", "target_name": "dev", "node_id": "test.taxi_analytics.not_null_stg_trips_dropoff_datetime.40138f282b"} */

    
    select
      count(*) as failures,
      count(*) != 0 as should_warn,
      count(*) != 0 as should_error
    from (
      
    
  
    
    



select dropoff_datetime
from "nyc_taxi"."public_staging"."stg_trips"
where dropoff_datetime is null



  
  
      
    ) dbt_internal_test
[0m09:18:21.230659 [debug] [Thread-2 (]: Opening a new connection, currently in state init
[0m09:18:21.231207 [debug] [Thread-4 (]: Using postgres connection "test.taxi_analytics.not_null_stg_trips_trip_id.159f524fc2"
[0m09:18:21.231783 [debug] [Thread-4 (]: On test.taxi_analytics.not_null_stg_trips_trip_id.159f524fc2: /* {"app": "dbt", "dbt_version": "1.12.5", "profile_name": "taxi_analytics", "target_name": "dev", "node_id": "test.taxi_analytics.not_null_stg_trips_trip_id.159f524fc2"} */

    
    select
      count(*) as failures,
      count(*) != 0 as should_warn,
      count(*) != 0 as should_error
    from (
      
    
  
    
    



select trip_id
from "nyc_taxi"."public_staging"."stg_trips"
where trip_id is null



  
  
      
    ) dbt_internal_test
[0m09:18:21.232317 [debug] [Thread-4 (]: Opening a new connection, currently in state init
[0m09:19:32.834683 [debug] [Thread-4 (]: SQL status: SELECT 1 in 71.602 seconds
[0m09:19:32.836677 [debug] [Thread-3 (]: SQL status: SELECT 1 in 71.610 seconds
[0m09:19:32.848666 [debug] [Thread-2 (]: SQL status: SELECT 1 in 71.618 seconds
[0m09:19:32.850288 [debug] [Thread-4 (]: On test.taxi_analytics.not_null_stg_trips_trip_id.159f524fc2: ROLLBACK
[0m09:19:32.851188 [debug] [Thread-1 (]: SQL status: SELECT 1 in 71.623 seconds
[0m09:19:32.854458 [debug] [Thread-3 (]: On test.taxi_analytics.not_null_stg_trips_pickup_datetime.4df9e7a15c: ROLLBACK
[0m09:19:32.857582 [debug] [Thread-2 (]: On test.taxi_analytics.not_null_stg_trips_dropoff_datetime.40138f282b: ROLLBACK
[0m09:19:32.860946 [debug] [Thread-4 (]: On test.taxi_analytics.not_null_stg_trips_trip_id.159f524fc2: Close
[0m09:19:32.863006 [debug] [Thread-1 (]: On test.taxi_analytics.accepted_values_stg_trips_payment_type__0__1__2__3__4__5__6.0972e03b73: ROLLBACK
[0m09:19:32.865303 [debug] [Thread-3 (]: On test.taxi_analytics.not_null_stg_trips_pickup_datetime.4df9e7a15c: Close
[0m09:19:32.867448 [debug] [Thread-2 (]: On test.taxi_analytics.not_null_stg_trips_dropoff_datetime.40138f282b: Close
[0m09:19:32.871346 [debug] [Thread-1 (]: On test.taxi_analytics.accepted_values_stg_trips_payment_type__0__1__2__3__4__5__6.0972e03b73: Close
[0m09:19:32.870001 [info ] [Thread-4 (]: 4 of 10 PASS not_null_stg_trips_trip_id ........................................ [[32mPASS[0m in 71.73s]
[0m09:19:32.874029 [info ] [Thread-3 (]: 3 of 10 PASS not_null_stg_trips_pickup_datetime ................................ [[32mPASS[0m in 71.74s]
[0m09:19:32.879716 [debug] [Thread-4 (]: Finished running node test.taxi_analytics.not_null_stg_trips_trip_id.159f524fc2
[0m09:19:32.882836 [debug] [Thread-3 (]: Finished running node test.taxi_analytics.not_null_stg_trips_pickup_datetime.4df9e7a15c
[0m09:19:32.875900 [info ] [Thread-2 (]: 2 of 10 PASS not_null_stg_trips_dropoff_datetime ............................... [[32mPASS[0m in 71.74s]
[0m09:19:32.885373 [debug] [Thread-4 (]: Began running node test.taxi_analytics.not_null_stg_trips_vendor_id.d0147d1fcd
[0m09:19:32.886438 [debug] [Thread-3 (]: Began running node test.taxi_analytics.not_null_stg_zones_location_id.244b100d38
[0m09:19:32.877887 [info ] [Thread-1 (]: 1 of 10 PASS accepted_values_stg_trips_payment_type__0__1__2__3__4__5__6 ....... [[32mPASS[0m in 71.74s]
[0m09:19:32.888282 [debug] [Thread-2 (]: Finished running node test.taxi_analytics.not_null_stg_trips_dropoff_datetime.40138f282b
[0m09:19:32.891330 [debug] [Thread-1 (]: Finished running node test.taxi_analytics.accepted_values_stg_trips_payment_type__0__1__2__3__4__5__6.0972e03b73
[0m09:19:32.889067 [info ] [Thread-4 (]: 5 of 10 START test not_null_stg_trips_vendor_id ................................ [RUN]
[0m09:19:32.892406 [debug] [Thread-2 (]: Began running node test.taxi_analytics.source_not_null_staging_stg_taxi_trips_batch_month.fdaf94c756
[0m09:19:32.889826 [info ] [Thread-3 (]: 6 of 10 START test not_null_stg_zones_location_id .............................. [RUN]
[0m09:19:32.893231 [debug] [Thread-1 (]: Began running node test.taxi_analytics.source_not_null_staging_stg_taxi_trips_batch_year.c155d4f374
[0m09:19:32.893748 [debug] [Thread-4 (]: Re-using an available connection from the pool (formerly test.taxi_analytics.not_null_stg_trips_trip_id.159f524fc2, now test.taxi_analytics.not_null_stg_trips_vendor_id.d0147d1fcd)
[0m09:19:32.894216 [info ] [Thread-2 (]: 7 of 10 START test source_not_null_staging_stg_taxi_trips_batch_month .......... [RUN]
[0m09:19:32.895043 [debug] [Thread-3 (]: Re-using an available connection from the pool (formerly test.taxi_analytics.not_null_stg_trips_pickup_datetime.4df9e7a15c, now test.taxi_analytics.not_null_stg_zones_location_id.244b100d38)
[0m09:19:32.896302 [debug] [Thread-4 (]: Began compiling node test.taxi_analytics.not_null_stg_trips_vendor_id.d0147d1fcd
[0m09:19:32.895718 [info ] [Thread-1 (]: 8 of 10 START test source_not_null_staging_stg_taxi_trips_batch_year ........... [RUN]
[0m09:19:32.898115 [debug] [Thread-3 (]: Began compiling node test.taxi_analytics.not_null_stg_zones_location_id.244b100d38
[0m09:19:32.897050 [debug] [Thread-2 (]: Re-using an available connection from the pool (formerly test.taxi_analytics.not_null_stg_trips_dropoff_datetime.40138f282b, now test.taxi_analytics.source_not_null_staging_stg_taxi_trips_batch_month.fdaf94c756)
[0m09:19:32.915991 [debug] [Thread-4 (]: Writing injected SQL for node "test.taxi_analytics.not_null_stg_trips_vendor_id.d0147d1fcd"
[0m09:19:32.919144 [debug] [Thread-1 (]: Re-using an available connection from the pool (formerly test.taxi_analytics.accepted_values_stg_trips_payment_type__0__1__2__3__4__5__6.0972e03b73, now test.taxi_analytics.source_not_null_staging_stg_taxi_trips_batch_year.c155d4f374)
[0m09:19:32.934143 [debug] [Thread-3 (]: Writing injected SQL for node "test.taxi_analytics.not_null_stg_zones_location_id.244b100d38"
[0m09:19:32.935521 [debug] [Thread-2 (]: Began compiling node test.taxi_analytics.source_not_null_staging_stg_taxi_trips_batch_month.fdaf94c756
[0m09:19:32.936841 [debug] [Thread-1 (]: Began compiling node test.taxi_analytics.source_not_null_staging_stg_taxi_trips_batch_year.c155d4f374
[0m09:19:32.964124 [debug] [Thread-4 (]: Began executing node test.taxi_analytics.not_null_stg_trips_vendor_id.d0147d1fcd
[0m09:19:32.967850 [debug] [Thread-2 (]: Writing injected SQL for node "test.taxi_analytics.source_not_null_staging_stg_taxi_trips_batch_month.fdaf94c756"
[0m09:19:32.970383 [debug] [Thread-1 (]: Writing injected SQL for node "test.taxi_analytics.source_not_null_staging_stg_taxi_trips_batch_year.c155d4f374"
[0m09:19:32.975830 [debug] [Thread-4 (]: Writing runtime sql for node "test.taxi_analytics.not_null_stg_trips_vendor_id.d0147d1fcd"
[0m09:19:32.977445 [debug] [Thread-3 (]: Began executing node test.taxi_analytics.not_null_stg_zones_location_id.244b100d38
[0m09:19:32.986018 [debug] [Thread-3 (]: Writing runtime sql for node "test.taxi_analytics.not_null_stg_zones_location_id.244b100d38"
[0m09:19:33.009483 [debug] [Thread-1 (]: Began executing node test.taxi_analytics.source_not_null_staging_stg_taxi_trips_batch_year.c155d4f374
[0m09:19:33.018090 [debug] [Thread-1 (]: Writing runtime sql for node "test.taxi_analytics.source_not_null_staging_stg_taxi_trips_batch_year.c155d4f374"
[0m09:19:33.019320 [debug] [Thread-2 (]: Began executing node test.taxi_analytics.source_not_null_staging_stg_taxi_trips_batch_month.fdaf94c756
[0m09:19:33.020777 [debug] [Thread-3 (]: Using postgres connection "test.taxi_analytics.not_null_stg_zones_location_id.244b100d38"
[0m09:19:33.022744 [debug] [Thread-4 (]: Using postgres connection "test.taxi_analytics.not_null_stg_trips_vendor_id.d0147d1fcd"
[0m09:19:33.029171 [debug] [Thread-2 (]: Writing runtime sql for node "test.taxi_analytics.source_not_null_staging_stg_taxi_trips_batch_month.fdaf94c756"
[0m09:19:33.031722 [debug] [Thread-3 (]: On test.taxi_analytics.not_null_stg_zones_location_id.244b100d38: /* {"app": "dbt", "dbt_version": "1.12.5", "profile_name": "taxi_analytics", "target_name": "dev", "node_id": "test.taxi_analytics.not_null_stg_zones_location_id.244b100d38"} */

    
    select
      count(*) as failures,
      count(*) != 0 as should_warn,
      count(*) != 0 as should_error
    from (
      
    
  
    
    



select location_id
from "nyc_taxi"."public_staging"."stg_zones"
where location_id is null



  
  
      
    ) dbt_internal_test
[0m09:19:33.033980 [debug] [Thread-4 (]: On test.taxi_analytics.not_null_stg_trips_vendor_id.d0147d1fcd: /* {"app": "dbt", "dbt_version": "1.12.5", "profile_name": "taxi_analytics", "target_name": "dev", "node_id": "test.taxi_analytics.not_null_stg_trips_vendor_id.d0147d1fcd"} */

    
    select
      count(*) as failures,
      count(*) != 0 as should_warn,
      count(*) != 0 as should_error
    from (
      
    
  
    
    



select vendor_id
from "nyc_taxi"."public_staging"."stg_trips"
where vendor_id is null



  
  
      
    ) dbt_internal_test
[0m09:19:33.035816 [debug] [Thread-1 (]: Using postgres connection "test.taxi_analytics.source_not_null_staging_stg_taxi_trips_batch_year.c155d4f374"
[0m09:19:33.038370 [debug] [Thread-3 (]: Opening a new connection, currently in state closed
[0m09:19:33.040294 [debug] [Thread-4 (]: Opening a new connection, currently in state closed
[0m09:19:33.041463 [debug] [Thread-1 (]: On test.taxi_analytics.source_not_null_staging_stg_taxi_trips_batch_year.c155d4f374: /* {"app": "dbt", "dbt_version": "1.12.5", "profile_name": "taxi_analytics", "target_name": "dev", "node_id": "test.taxi_analytics.source_not_null_staging_stg_taxi_trips_batch_year.c155d4f374"} */

    
    select
      count(*) as failures,
      count(*) != 0 as should_warn,
      count(*) != 0 as should_error
    from (
      
    
  
    
    



select batch_year
from "nyc_taxi"."staging"."stg_taxi_trips"
where batch_year is null



  
  
      
    ) dbt_internal_test
[0m09:19:33.043672 [debug] [Thread-2 (]: Using postgres connection "test.taxi_analytics.source_not_null_staging_stg_taxi_trips_batch_month.fdaf94c756"
[0m09:19:33.045740 [debug] [Thread-1 (]: Opening a new connection, currently in state closed
[0m09:19:33.047996 [debug] [Thread-2 (]: On test.taxi_analytics.source_not_null_staging_stg_taxi_trips_batch_month.fdaf94c756: /* {"app": "dbt", "dbt_version": "1.12.5", "profile_name": "taxi_analytics", "target_name": "dev", "node_id": "test.taxi_analytics.source_not_null_staging_stg_taxi_trips_batch_month.fdaf94c756"} */

    
    select
      count(*) as failures,
      count(*) != 0 as should_warn,
      count(*) != 0 as should_error
    from (
      
    
  
    
    



select batch_month
from "nyc_taxi"."staging"."stg_taxi_trips"
where batch_month is null



  
  
      
    ) dbt_internal_test
[0m09:19:33.050364 [debug] [Thread-2 (]: Opening a new connection, currently in state closed
[0m09:19:33.218785 [debug] [Thread-3 (]: SQL status: SELECT 1 in 0.181 seconds
[0m09:19:33.220690 [debug] [Thread-3 (]: On test.taxi_analytics.not_null_stg_zones_location_id.244b100d38: ROLLBACK
[0m09:19:33.221953 [debug] [Thread-2 (]: SQL status: SELECT 1 in 0.172 seconds
[0m09:19:33.224145 [debug] [Thread-2 (]: On test.taxi_analytics.source_not_null_staging_stg_taxi_trips_batch_month.fdaf94c756: ROLLBACK
[0m09:19:33.224886 [debug] [Thread-1 (]: SQL status: SELECT 1 in 0.179 seconds
[0m09:19:33.225551 [debug] [Thread-2 (]: On test.taxi_analytics.source_not_null_staging_stg_taxi_trips_batch_month.fdaf94c756: Close
[0m09:19:33.228110 [debug] [Thread-1 (]: On test.taxi_analytics.source_not_null_staging_stg_taxi_trips_batch_year.c155d4f374: ROLLBACK
[0m09:19:33.229152 [debug] [Thread-3 (]: On test.taxi_analytics.not_null_stg_zones_location_id.244b100d38: Close
[0m09:19:33.234396 [debug] [Thread-1 (]: On test.taxi_analytics.source_not_null_staging_stg_taxi_trips_batch_year.c155d4f374: Close
[0m09:19:33.231555 [info ] [Thread-2 (]: 7 of 10 PASS source_not_null_staging_stg_taxi_trips_batch_month ................ [[32mPASS[0m in 0.33s]
[0m09:19:33.239009 [debug] [Thread-2 (]: Finished running node test.taxi_analytics.source_not_null_staging_stg_taxi_trips_batch_month.fdaf94c756
[0m09:19:33.240401 [debug] [Thread-2 (]: Began running node test.taxi_analytics.unique_stg_trips_trip_id.748f5076fb
[0m09:19:33.233445 [info ] [Thread-3 (]: 6 of 10 PASS not_null_stg_zones_location_id .................................... [[32mPASS[0m in 0.34s]
[0m09:19:33.243708 [debug] [Thread-3 (]: Finished running node test.taxi_analytics.not_null_stg_zones_location_id.244b100d38
[0m09:19:33.244943 [debug] [Thread-3 (]: Began running node test.taxi_analytics.unique_stg_zones_location_id.3578c2f409
[0m09:19:33.236496 [info ] [Thread-1 (]: 8 of 10 PASS source_not_null_staging_stg_taxi_trips_batch_year ................. [[32mPASS[0m in 0.32s]
[0m09:19:33.249419 [debug] [Thread-1 (]: Finished running node test.taxi_analytics.source_not_null_staging_stg_taxi_trips_batch_year.c155d4f374
[0m09:19:33.242024 [info ] [Thread-2 (]: 9 of 10 START test unique_stg_trips_trip_id .................................... [RUN]
[0m09:19:33.255732 [debug] [Thread-2 (]: Re-using an available connection from the pool (formerly test.taxi_analytics.source_not_null_staging_stg_taxi_trips_batch_month.fdaf94c756, now test.taxi_analytics.unique_stg_trips_trip_id.748f5076fb)
[0m09:19:33.257662 [debug] [Thread-2 (]: Began compiling node test.taxi_analytics.unique_stg_trips_trip_id.748f5076fb
[0m09:19:33.246110 [info ] [Thread-3 (]: 10 of 10 START test unique_stg_zones_location_id ............................... [RUN]
[0m09:19:33.287648 [debug] [Thread-2 (]: Writing injected SQL for node "test.taxi_analytics.unique_stg_trips_trip_id.748f5076fb"
[0m09:19:33.289064 [debug] [Thread-3 (]: Re-using an available connection from the pool (formerly test.taxi_analytics.not_null_stg_zones_location_id.244b100d38, now test.taxi_analytics.unique_stg_zones_location_id.3578c2f409)
[0m09:19:33.290694 [debug] [Thread-3 (]: Began compiling node test.taxi_analytics.unique_stg_zones_location_id.3578c2f409
[0m09:19:33.305679 [debug] [Thread-3 (]: Writing injected SQL for node "test.taxi_analytics.unique_stg_zones_location_id.3578c2f409"
[0m09:19:33.306992 [debug] [Thread-2 (]: Began executing node test.taxi_analytics.unique_stg_trips_trip_id.748f5076fb
[0m09:19:33.311823 [debug] [Thread-2 (]: Writing runtime sql for node "test.taxi_analytics.unique_stg_trips_trip_id.748f5076fb"
[0m09:19:33.313462 [debug] [Thread-3 (]: Began executing node test.taxi_analytics.unique_stg_zones_location_id.3578c2f409
[0m09:19:33.319821 [debug] [Thread-3 (]: Writing runtime sql for node "test.taxi_analytics.unique_stg_zones_location_id.3578c2f409"
[0m09:19:33.321543 [debug] [Thread-2 (]: Using postgres connection "test.taxi_analytics.unique_stg_trips_trip_id.748f5076fb"
[0m09:19:33.322672 [debug] [Thread-2 (]: On test.taxi_analytics.unique_stg_trips_trip_id.748f5076fb: /* {"app": "dbt", "dbt_version": "1.12.5", "profile_name": "taxi_analytics", "target_name": "dev", "node_id": "test.taxi_analytics.unique_stg_trips_trip_id.748f5076fb"} */

    
    select
      count(*) as failures,
      count(*) != 0 as should_warn,
      count(*) != 0 as should_error
    from (
      
    
  
    
    

select
    trip_id as unique_field,
    count(*) as n_records

from "nyc_taxi"."public_staging"."stg_trips"
where trip_id is not null
group by trip_id
having count(*) > 1



  
  
      
    ) dbt_internal_test
[0m09:19:33.323566 [debug] [Thread-2 (]: Opening a new connection, currently in state closed
[0m09:19:33.347905 [debug] [Thread-3 (]: Using postgres connection "test.taxi_analytics.unique_stg_zones_location_id.3578c2f409"
[0m09:19:33.349537 [debug] [Thread-3 (]: On test.taxi_analytics.unique_stg_zones_location_id.3578c2f409: /* {"app": "dbt", "dbt_version": "1.12.5", "profile_name": "taxi_analytics", "target_name": "dev", "node_id": "test.taxi_analytics.unique_stg_zones_location_id.3578c2f409"} */

    
    select
      count(*) as failures,
      count(*) != 0 as should_warn,
      count(*) != 0 as should_error
    from (
      
    
  
    
    

select
    location_id as unique_field,
    count(*) as n_records

from "nyc_taxi"."public_staging"."stg_zones"
where location_id is not null
group by location_id
having count(*) > 1



  
  
      
    ) dbt_internal_test
[0m09:19:33.351902 [debug] [Thread-3 (]: Opening a new connection, currently in state closed
[0m09:19:33.487873 [debug] [Thread-3 (]: SQL status: SELECT 1 in 0.136 seconds
[0m09:19:33.491436 [debug] [Thread-3 (]: On test.taxi_analytics.unique_stg_zones_location_id.3578c2f409: ROLLBACK
[0m09:19:33.492882 [debug] [Thread-3 (]: On test.taxi_analytics.unique_stg_zones_location_id.3578c2f409: Close
[0m09:19:33.494754 [info ] [Thread-3 (]: 10 of 10 PASS unique_stg_zones_location_id ..................................... [[32mPASS[0m in 0.21s]
[0m09:19:33.497995 [debug] [Thread-3 (]: Finished running node test.taxi_analytics.unique_stg_zones_location_id.3578c2f409
[0m09:19:36.903027 [debug] [Thread-4 (]: SQL status: SELECT 1 in 3.863 seconds
[0m09:19:36.907697 [debug] [Thread-4 (]: On test.taxi_analytics.not_null_stg_trips_vendor_id.d0147d1fcd: ROLLBACK
[0m09:19:36.910417 [debug] [Thread-4 (]: On test.taxi_analytics.not_null_stg_trips_vendor_id.d0147d1fcd: Close
[0m09:19:36.913215 [info ] [Thread-4 (]: 5 of 10 PASS not_null_stg_trips_vendor_id ...................................... [[32mPASS[0m in 4.02s]
[0m09:19:36.917141 [debug] [Thread-4 (]: Finished running node test.taxi_analytics.not_null_stg_trips_vendor_id.d0147d1fcd
[0m09:20:42.687617 [debug] [Thread-2 (]: SQL status: SELECT 1 in 69.364 seconds
[0m09:20:42.692359 [debug] [Thread-2 (]: On test.taxi_analytics.unique_stg_trips_trip_id.748f5076fb: ROLLBACK
[0m09:20:42.694215 [debug] [Thread-2 (]: On test.taxi_analytics.unique_stg_trips_trip_id.748f5076fb: Close
[0m09:20:42.696831 [error] [Thread-2 (]: 9 of 10 FAIL 11 unique_stg_trips_trip_id ....................................... [[31mFAIL 11[0m in 69.44s]
[0m09:20:42.699712 [debug] [Thread-2 (]: Finished running node test.taxi_analytics.unique_stg_trips_trip_id.748f5076fb
[0m09:20:42.705354 [debug] [MainThread]: On master: COMMIT
[0m09:20:42.706602 [debug] [MainThread]: Using postgres connection "master"
[0m09:20:42.707546 [debug] [MainThread]: On master: COMMIT
[0m09:20:42.708466 [debug] [MainThread]: Opening a new connection, currently in state closed
[0m09:20:42.860635 [debug] [MainThread]: SQL status: COMMIT in 0.152 seconds
[0m09:20:42.861881 [debug] [MainThread]: On master: Close
[0m09:20:42.863449 [debug] [MainThread]: Connection 'master' was properly closed.
[0m09:20:42.864280 [debug] [MainThread]: Connection 'list_nyc_taxi_public_intermediate' was properly closed.
[0m09:20:42.864727 [debug] [MainThread]: Connection 'list_nyc_taxi_public_reference' was properly closed.
[0m09:20:42.865156 [debug] [MainThread]: Connection 'list_nyc_taxi_public_staging' was properly closed.
[0m09:20:42.865585 [debug] [MainThread]: Connection 'list_nyc_taxi_public_analytics' was properly closed.
[0m09:20:42.865999 [debug] [MainThread]: Connection 'test.taxi_analytics.unique_stg_zones_location_id.3578c2f409' was properly closed.
[0m09:20:42.866523 [debug] [MainThread]: Connection 'test.taxi_analytics.source_not_null_staging_stg_taxi_trips_batch_year.c155d4f374' was properly closed.
[0m09:20:42.866922 [debug] [MainThread]: Connection 'test.taxi_analytics.not_null_stg_trips_vendor_id.d0147d1fcd' was properly closed.
[0m09:20:42.867319 [debug] [MainThread]: Connection 'test.taxi_analytics.unique_stg_trips_trip_id.748f5076fb' was properly closed.
[0m09:20:42.867831 [info ] [MainThread]: 
[0m09:20:42.868799 [info ] [MainThread]: Finished running 10 data tests in 0 hours 2 minutes and 22.15 seconds (142.15s).
[0m09:20:42.876216 [debug] [MainThread]: Command end result
[0m09:20:43.038350 [debug] [MainThread]: Wrote artifact WritableManifest to D:\MEHDI\Study\WISD-EID\projetcs\NYC TaxiFlow\dbt\target\manifest.json
[0m09:20:43.050834 [debug] [MainThread]: Wrote artifact SemanticManifest to D:\MEHDI\Study\WISD-EID\projetcs\NYC TaxiFlow\dbt\target\semantic_manifest.json
[0m09:20:43.062968 [debug] [MainThread]: Wrote artifact OsiDocument to D:\MEHDI\Study\WISD-EID\projetcs\NYC TaxiFlow\dbt\target\osi_document.json
[0m09:20:43.092163 [debug] [MainThread]: Wrote artifact RunExecutionResult to D:\MEHDI\Study\WISD-EID\projetcs\NYC TaxiFlow\dbt\target\run_results.json
[0m09:20:43.093877 [info ] [MainThread]: 
[0m09:20:43.095588 [info ] [MainThread]: [31mCompleted with 1 error, 0 partial successes, and 0 warnings:[0m
[0m09:20:43.097111 [info ] [MainThread]: 
[0m09:20:43.098825 [error] [MainThread]: [[31mERROR[0m]: in test unique_stg_trips_trip_id (models\staging\schema.yml)
[0m09:20:43.100471 [error] [MainThread]:   Got 11 results, configured to fail if != 0
[0m09:20:43.101888 [info ] [MainThread]: 
[0m09:20:43.103476 [info ] [MainThread]:   compiled code at target\compiled\taxi_analytics\models\staging\schema.yml\unique_stg_trips_trip_id.sql
[0m09:20:43.104942 [info ] [MainThread]: 
[0m09:20:43.106424 [info ] [MainThread]: Done. PASS=9 WARN=0 ERROR=1 SKIP=0 NO-OP=0 REUSED=0 TOTAL=10
[0m09:20:43.110136 [debug] [MainThread]: Command `dbt test` failed at 09:20:43.109674 after 144.45 seconds
[0m09:20:43.111504 [debug] [MainThread]: Sending event: {'category': 'dbt', 'action': 'invocation', 'label': 'end', 'context': [<snowplow_tracker.self_describing_json.SelfDescribingJson object at 0x000001C1B5780DD0>, <snowplow_tracker.self_describing_json.SelfDescribingJson object at 0x000001C1B5F1FCD0>, <snowplow_tracker.self_describing_json.SelfDescribingJson object at 0x000001C1B5F1FA10>]}
[0m09:20:43.112720 [debug] [MainThread]: Flushing usage events
[0m09:20:45.548096 [debug] [MainThread]: An error was encountered while trying to flush usage events
[0m09:35:55.999562 [debug] [MainThread]: Sending event: {'category': 'dbt', 'action': 'invocation', 'label': 'start', 'context': [<snowplow_tracker.self_describing_json.SelfDescribingJson object at 0x0000015B0874F230>, <snowplow_tracker.self_describing_json.SelfDescribingJson object at 0x0000015B0ACF7ED0>, <snowplow_tracker.self_describing_json.SelfDescribingJson object at 0x0000015B0ACF7C50>]}


============================== 09:35:56.061153 | ba2b69b3-dbc0-4baf-a791-9237b65426f0 ==============================
[0m09:35:56.061153 [info ] [MainThread]: Running with dbt=1.12.5
[0m09:35:56.063264 [debug] [MainThread]: running dbt with arguments {'version_check': 'True', 'no_print': 'None', 'maximum_seed_size_mib': '1', 'warn_error_options': 'WarnErrorOptionsV2(error=[], warn=[], silence=[])', 'target_path': 'None', 'static_parser': 'True', 'printer_width': '80', 'write_json': 'True', 'introspect': 'True', 'log_cache_events': 'False', 'empty': 'False', 'cache_selected_only': 'False', 'log_format': 'default', 'debug': 'False', 'fail_fast': 'False', 'profiles_dir': 'D:\\MEHDI\\Study\\WISD-EID\\projetcs\\NYC TaxiFlow\\dbt', 'send_anonymous_usage_stats': 'True', 'quiet': 'False', 'warn_error': 'None', 'partial_parse': 'True', 'use_colors': 'True', 'hints_enabled': 'True', 'invocation_command': 'dbt run --select stg_trips', 'use_experimental_parser': 'False', 'indirect_selection': 'eager', 'log_path': 'D:\\MEHDI\\Study\\WISD-EID\\projetcs\\NYC TaxiFlow\\dbt\\logs'}
[0m09:35:56.792232 [debug] [MainThread]: Sending event: {'category': 'dbt', 'action': 'project_id', 'label': 'ba2b69b3-dbc0-4baf-a791-9237b65426f0', 'context': [<snowplow_tracker.self_describing_json.SelfDescribingJson object at 0x0000015B08C7B100>]}
[0m09:35:56.959786 [debug] [MainThread]: Sending event: {'category': 'dbt', 'action': 'adapter_info', 'label': 'ba2b69b3-dbc0-4baf-a791-9237b65426f0', 'context': [<snowplow_tracker.self_describing_json.SelfDescribingJson object at 0x0000015B0AE52690>]}
[0m09:35:56.963443 [info ] [MainThread]: Registered adapter: postgres=1.11.0
[0m09:35:57.727724 [debug] [MainThread]: checksum: 9607b53e0bcec4aae7a28a2b598befef7e2640a23c376f5ae19341de1d9729bc, vars: {}, profile: taxi_analytics, target: dev, version: 1.12.5
[0m09:36:00.981114 [debug] [MainThread]: Partial parsing enabled: 0 files deleted, 0 files added, 1 files changed.
[0m09:36:00.982722 [debug] [MainThread]: Partial parsing: updated file: taxi_analytics://models\staging\stg_trips.sql
[0m09:36:01.978223 [warn ] [MainThread]: [[33mWARNING[0m][MissingArgumentsPropertyInGenericTestDeprecation]: Deprecated
functionality
Found top-level arguments to test `accepted_values` defined on 'stg_trips' in
package 'taxi_analytics' (models\staging\schema.yml). Arguments to generic tests
should be nested under the `arguments` property.
[0m09:36:01.979355 [debug] [MainThread]: Sending event: {'category': 'dbt', 'action': 'deprecation', 'label': 'ba2b69b3-dbc0-4baf-a791-9237b65426f0', 'property_': 'warn', 'context': [<snowplow_tracker.self_describing_json.SelfDescribingJson object at 0x0000015B0B58C950>]}
[0m09:36:02.195922 [debug] [MainThread]: Sending event: {'category': 'dbt', 'action': 'load_project', 'label': 'ba2b69b3-dbc0-4baf-a791-9237b65426f0', 'context': [<snowplow_tracker.self_describing_json.SelfDescribingJson object at 0x0000015B0B323D40>]}
[0m09:36:02.432714 [debug] [MainThread]: Wrote artifact WritableManifest to D:\MEHDI\Study\WISD-EID\projetcs\NYC TaxiFlow\dbt\target\manifest.json
[0m09:36:02.476000 [debug] [MainThread]: Wrote artifact SemanticManifest to D:\MEHDI\Study\WISD-EID\projetcs\NYC TaxiFlow\dbt\target\semantic_manifest.json
[0m09:36:02.535152 [debug] [MainThread]: Wrote artifact OsiDocument to D:\MEHDI\Study\WISD-EID\projetcs\NYC TaxiFlow\dbt\target\osi_document.json
[0m09:36:02.584714 [debug] [MainThread]: Sending event: {'category': 'dbt', 'action': 'resource_counts', 'label': 'ba2b69b3-dbc0-4baf-a791-9237b65426f0', 'context': [<snowplow_tracker.self_describing_json.SelfDescribingJson object at 0x0000015B0B876190>]}
[0m09:36:02.585528 [info ] [MainThread]: Found 10 models, 12 data tests, 1 seed, 1 source, 477 macros
[0m09:36:02.586397 [debug] [MainThread]: Sending event: {'category': 'dbt', 'action': 'runnable_timing', 'label': 'ba2b69b3-dbc0-4baf-a791-9237b65426f0', 'context': [<snowplow_tracker.self_describing_json.SelfDescribingJson object at 0x0000015B0B8B0940>]}
[0m09:36:02.591006 [info ] [MainThread]: 
[0m09:36:02.591741 [info ] [MainThread]: Concurrency: 4 threads (target='dev')
[0m09:36:02.592280 [info ] [MainThread]: 
[0m09:36:02.593209 [debug] [MainThread]: Acquiring new postgres connection 'master'
[0m09:36:02.596022 [debug] [ThreadPool]: Acquiring new postgres connection 'list_nyc_taxi'
[0m09:36:06.738684 [debug] [ThreadPool]: Using postgres connection "list_nyc_taxi"
[0m09:36:06.739654 [debug] [ThreadPool]: On list_nyc_taxi: /* {"app": "dbt", "dbt_version": "1.12.5", "profile_name": "taxi_analytics", "target_name": "dev", "connection_name": "list_nyc_taxi"} */

    select distinct nspname from pg_namespace
  
[0m09:36:06.740394 [debug] [ThreadPool]: Opening a new connection, currently in state init
[0m09:36:06.911385 [debug] [ThreadPool]: SQL status: SELECT 7 in 0.171 seconds
[0m09:36:06.914200 [debug] [ThreadPool]: On list_nyc_taxi: Close
[0m09:36:06.930740 [debug] [ThreadPool]: Acquiring new postgres connection 'list_nyc_taxi_public_reference'
[0m09:36:06.943301 [debug] [ThreadPool]: Using postgres connection "list_nyc_taxi_public_reference"
[0m09:36:06.944236 [debug] [ThreadPool]: On list_nyc_taxi_public_reference: /* {"app": "dbt", "dbt_version": "1.12.5", "profile_name": "taxi_analytics", "target_name": "dev", "connection_name": "list_nyc_taxi_public_reference"} */
select
      'nyc_taxi' as database,
      tablename as name,
      schemaname as schema,
      'table' as type
    from pg_tables
    where schemaname ilike 'public_reference'
    union all
    select
      'nyc_taxi' as database,
      viewname as name,
      schemaname as schema,
      'view' as type
    from pg_views
    where schemaname ilike 'public_reference'
    union all
    select
      'nyc_taxi' as database,
      matviewname as name,
      schemaname as schema,
      'materialized_view' as type
    from pg_matviews
    where schemaname ilike 'public_reference'
    union all
    select distinct
     'nyc_taxi' as database,
     proname as name,
     ns.nspname as schema,
     'function' as type
    from pg_proc
     join pg_namespace as ns on pronamespace = ns.oid
    where ns.nspname ilike 'public_reference'
  
[0m09:36:06.945865 [debug] [ThreadPool]: Acquiring new postgres connection 'list_nyc_taxi_public_intermediate'
[0m09:36:06.946706 [debug] [ThreadPool]: Opening a new connection, currently in state init
[0m09:36:06.949918 [debug] [ThreadPool]: Using postgres connection "list_nyc_taxi_public_intermediate"
[0m09:36:06.951208 [debug] [ThreadPool]: Acquiring new postgres connection 'list_nyc_taxi_public_analytics'
[0m09:36:06.952329 [debug] [ThreadPool]: On list_nyc_taxi_public_intermediate: /* {"app": "dbt", "dbt_version": "1.12.5", "profile_name": "taxi_analytics", "target_name": "dev", "connection_name": "list_nyc_taxi_public_intermediate"} */
select
      'nyc_taxi' as database,
      tablename as name,
      schemaname as schema,
      'table' as type
    from pg_tables
    where schemaname ilike 'public_intermediate'
    union all
    select
      'nyc_taxi' as database,
      viewname as name,
      schemaname as schema,
      'view' as type
    from pg_views
    where schemaname ilike 'public_intermediate'
    union all
    select
      'nyc_taxi' as database,
      matviewname as name,
      schemaname as schema,
      'materialized_view' as type
    from pg_matviews
    where schemaname ilike 'public_intermediate'
    union all
    select distinct
     'nyc_taxi' as database,
     proname as name,
     ns.nspname as schema,
     'function' as type
    from pg_proc
     join pg_namespace as ns on pronamespace = ns.oid
    where ns.nspname ilike 'public_intermediate'
  
[0m09:36:06.953615 [debug] [ThreadPool]: Acquiring new postgres connection 'list_nyc_taxi_public_staging'
[0m09:36:06.955890 [debug] [ThreadPool]: Using postgres connection "list_nyc_taxi_public_analytics"
[0m09:36:06.956692 [debug] [ThreadPool]: Opening a new connection, currently in state init
[0m09:36:06.959465 [debug] [ThreadPool]: Using postgres connection "list_nyc_taxi_public_staging"
[0m09:36:06.960500 [debug] [ThreadPool]: On list_nyc_taxi_public_analytics: /* {"app": "dbt", "dbt_version": "1.12.5", "profile_name": "taxi_analytics", "target_name": "dev", "connection_name": "list_nyc_taxi_public_analytics"} */
select
      'nyc_taxi' as database,
      tablename as name,
      schemaname as schema,
      'table' as type
    from pg_tables
    where schemaname ilike 'public_analytics'
    union all
    select
      'nyc_taxi' as database,
      viewname as name,
      schemaname as schema,
      'view' as type
    from pg_views
    where schemaname ilike 'public_analytics'
    union all
    select
      'nyc_taxi' as database,
      matviewname as name,
      schemaname as schema,
      'materialized_view' as type
    from pg_matviews
    where schemaname ilike 'public_analytics'
    union all
    select distinct
     'nyc_taxi' as database,
     proname as name,
     ns.nspname as schema,
     'function' as type
    from pg_proc
     join pg_namespace as ns on pronamespace = ns.oid
    where ns.nspname ilike 'public_analytics'
  
[0m09:36:06.962879 [debug] [ThreadPool]: On list_nyc_taxi_public_staging: /* {"app": "dbt", "dbt_version": "1.12.5", "profile_name": "taxi_analytics", "target_name": "dev", "connection_name": "list_nyc_taxi_public_staging"} */
select
      'nyc_taxi' as database,
      tablename as name,
      schemaname as schema,
      'table' as type
    from pg_tables
    where schemaname ilike 'public_staging'
    union all
    select
      'nyc_taxi' as database,
      viewname as name,
      schemaname as schema,
      'view' as type
    from pg_views
    where schemaname ilike 'public_staging'
    union all
    select
      'nyc_taxi' as database,
      matviewname as name,
      schemaname as schema,
      'materialized_view' as type
    from pg_matviews
    where schemaname ilike 'public_staging'
    union all
    select distinct
     'nyc_taxi' as database,
     proname as name,
     ns.nspname as schema,
     'function' as type
    from pg_proc
     join pg_namespace as ns on pronamespace = ns.oid
    where ns.nspname ilike 'public_staging'
  
[0m09:36:06.964274 [debug] [ThreadPool]: Opening a new connection, currently in state init
[0m09:36:06.965244 [debug] [ThreadPool]: Opening a new connection, currently in state init
[0m09:36:07.116305 [debug] [ThreadPool]: SQL status: SELECT 0 in 0.159 seconds
[0m09:36:07.117196 [debug] [ThreadPool]: SQL status: SELECT 0 in 0.153 seconds
[0m09:36:07.120330 [debug] [ThreadPool]: On list_nyc_taxi_public_intermediate: ROLLBACK
[0m09:36:07.121106 [debug] [ThreadPool]: SQL status: SELECT 1 in 0.174 seconds
[0m09:36:07.122872 [debug] [ThreadPool]: On list_nyc_taxi_public_analytics: ROLLBACK
[0m09:36:07.123415 [debug] [ThreadPool]: SQL status: SELECT 2 in 0.158 seconds
[0m09:36:07.125368 [debug] [ThreadPool]: On list_nyc_taxi_public_reference: ROLLBACK
[0m09:36:07.126089 [debug] [ThreadPool]: On list_nyc_taxi_public_intermediate: Close
[0m09:36:07.126795 [debug] [ThreadPool]: On list_nyc_taxi_public_analytics: Close
[0m09:36:07.128775 [debug] [ThreadPool]: On list_nyc_taxi_public_staging: ROLLBACK
[0m09:36:07.130048 [debug] [ThreadPool]: On list_nyc_taxi_public_reference: Close
[0m09:36:07.131997 [debug] [ThreadPool]: On list_nyc_taxi_public_staging: Close
[0m09:36:07.141016 [debug] [MainThread]: Using postgres connection "master"
[0m09:36:07.141514 [debug] [MainThread]: On master: /* {"app": "dbt", "dbt_version": "1.12.5", "profile_name": "taxi_analytics", "target_name": "dev", "connection_name": "master"} */
select distinct
        dependent_namespace.nspname as dependent_schema,
        dependent_class.relname as dependent_name,
        referenced_namespace.nspname as referenced_schema,
        referenced_class.relname as referenced_name

    -- Query for views: views are entries in pg_class with an entry in pg_rewrite, but we avoid
    -- a seq scan on pg_rewrite by leveraging the fact there is an "internal" row in pg_depend for
    -- the view...
    from pg_class as dependent_class
    join pg_namespace as dependent_namespace on dependent_namespace.oid = dependent_class.relnamespace
    join pg_depend as dependent_depend on dependent_depend.refobjid = dependent_class.oid
        and dependent_depend.classid = 'pg_rewrite'::regclass
        and dependent_depend.refclassid = 'pg_class'::regclass
        and dependent_depend.deptype = 'i'

    -- ... and via pg_depend (that has a row per column, hence the need for "distinct" above, and
    -- making sure to exclude the internal row to avoid a view appearing to depend on itself)...
    join pg_depend as joining_depend on joining_depend.objid = dependent_depend.objid
        and joining_depend.classid = 'pg_rewrite'::regclass
        and joining_depend.refclassid = 'pg_class'::regclass
        and joining_depend.refobjid != dependent_depend.refobjid

    -- ... we can find the tables they query from in pg_class, but excluding system tables. Note we
    -- don't need need to exclude _dependent_ system tables, because they only query from other
    -- system tables, and so are automatically excluded by excluding _referenced_ system tables
    join pg_class as referenced_class on referenced_class.oid = joining_depend.refobjid
    join pg_namespace as referenced_namespace on referenced_namespace.oid = referenced_class.relnamespace
        and referenced_namespace.nspname != 'information_schema'
        and referenced_namespace.nspname not like 'pg\_%'

    order by
        dependent_schema, dependent_name, referenced_schema, referenced_name;
[0m09:36:07.141936 [debug] [MainThread]: Opening a new connection, currently in state init
[0m09:36:07.215945 [debug] [MainThread]: SQL status: SELECT 2 in 0.074 seconds
[0m09:36:07.218349 [debug] [MainThread]: Sending event: {'category': 'dbt', 'action': 'runnable_timing', 'label': 'ba2b69b3-dbc0-4baf-a791-9237b65426f0', 'context': [<snowplow_tracker.self_describing_json.SelfDescribingJson object at 0x0000015B0B8B62D0>]}
[0m09:36:07.219013 [debug] [MainThread]: On master: ROLLBACK
[0m09:36:07.219870 [debug] [MainThread]: On master: COMMIT
[0m09:36:07.220386 [debug] [MainThread]: Using postgres connection "master"
[0m09:36:07.220809 [debug] [MainThread]: On master: COMMIT
[0m09:36:07.221759 [debug] [MainThread]: SQL status: COMMIT in 0.000 seconds
[0m09:36:07.222376 [debug] [MainThread]: On master: Close
[0m09:36:07.255706 [debug] [Thread-1 (]: Began running node model.taxi_analytics.stg_trips
[0m09:36:07.256422 [info ] [Thread-1 (]: 1 of 1 START sql view model public_staging.stg_trips ........................... [RUN]
[0m09:36:07.257385 [debug] [Thread-1 (]: Acquiring new postgres connection 'model.taxi_analytics.stg_trips'
[0m09:36:07.257797 [debug] [Thread-1 (]: Began compiling node model.taxi_analytics.stg_trips
[0m09:36:07.266468 [debug] [Thread-1 (]: Writing injected SQL for node "model.taxi_analytics.stg_trips"
[0m09:36:07.267840 [debug] [Thread-1 (]: Began executing node model.taxi_analytics.stg_trips
[0m09:36:07.309215 [debug] [Thread-1 (]: Writing runtime sql for node "model.taxi_analytics.stg_trips"
[0m09:36:07.311127 [debug] [Thread-1 (]: Using postgres connection "model.taxi_analytics.stg_trips"
[0m09:36:07.312325 [debug] [Thread-1 (]: On model.taxi_analytics.stg_trips: /* {"app": "dbt", "dbt_version": "1.12.5", "profile_name": "taxi_analytics", "target_name": "dev", "node_id": "model.taxi_analytics.stg_trips"} */

  create view "nyc_taxi"."public_staging"."stg_trips__dbt_tmp"
    
    
  as (
    -- dbt/taxi_analytics/models/staging/stg_trips.sql
--
-- Staging layer: light renaming/casting only, no business logic.
-- Source: staging.stg_taxi_trips (loaded by src/warehouse/load.py).
--
-- IMPORTANT DESIGN NOTE: the raw TLC data has NO natural trip
-- identifier -- there's no trip_id column in the source at all. Since
-- the project's documented grain is "one row = one taxi trip", we
-- need *some* stable identifier for tests (unique, not_null) and for
-- joins downstream. We synthesize one as a hash of fields that,
-- together, should uniquely identify a real trip.
--
-- CONFIRMED IN PRACTICE: an earlier version of this key (vendor +
-- pickup/dropoff timestamps + both locations only) produced 11 hash
-- collisions out of 3.8M rows. Inspecting those collisions showed
-- genuinely DIFFERENT trips -- same vendor, same pickup/dropoff
-- second, same pickup/dropoff zone, but different fare_amount and
-- trip_distance (e.g. two cars from the same vendor completing
-- different trips that happen to start/end at the same intersection
-- in the same second). This is not a data quality defect in the
-- source; it's a limitation of the original key's granularity. Adding
-- fare_amount and trip_distance -- which were confirmed to differ in
-- every observed collision -- resolves it.
--
-- This remains a probabilistic guarantee, not a mathematical one: two
-- trips identical across ALL of these fields would still collide, but
-- at that point they'd be indistinguishable by any field this dataset
-- provides, which is a reasonable place to stop.
WITH
    source AS (
        SELECT
            *
        FROM
            "nyc_taxi"."staging"."stg_taxi_trips"
    )
SELECT
    md5(
        concat_ws(
            '|',
            "VendorID"::text,
            tpep_pickup_datetime::text,
            tpep_dropoff_datetime::text,
            "PULocationID"::text,
            "DOLocationID"::text,
            fare_amount::text,
            trip_distance::text
        )
    ) AS trip_id,
    "VendorID" AS vendor_id,
    tpep_pickup_datetime AS pickup_datetime,
    tpep_dropoff_datetime AS dropoff_datetime,
    "PULocationID" AS pickup_location_id,
    "DOLocationID" AS dropoff_location_id,
    "RatecodeID" AS ratecode_id,
    payment_type,
    passenger_count,
    trip_distance,
    trip_duration_minutes,
    fare_amount,
    extra,
    mta_tax,
    tip_amount,
    tolls_amount,
    improvement_surcharge,
    congestion_surcharge,
    airport_fee,
    cbd_congestion_fee,
    total_amount,
    pickup_date,
    pickup_hour,
    pickup_weekday,
    pickup_month,
    is_suspicious,
    batch_year,
    batch_month
FROM
    source
  );
[0m09:36:07.313439 [debug] [Thread-1 (]: Opening a new connection, currently in state init
[0m09:36:07.767714 [debug] [Thread-1 (]: SQL status: CREATE VIEW in 0.454 seconds
[0m09:36:07.781964 [debug] [Thread-1 (]: Using postgres connection "model.taxi_analytics.stg_trips"
[0m09:36:07.783070 [debug] [Thread-1 (]: On model.taxi_analytics.stg_trips: /* {"app": "dbt", "dbt_version": "1.12.5", "profile_name": "taxi_analytics", "target_name": "dev", "node_id": "model.taxi_analytics.stg_trips"} */
alter table "nyc_taxi"."public_staging"."stg_trips" rename to "stg_trips__dbt_backup"
[0m09:36:07.785468 [debug] [Thread-1 (]: SQL status: ALTER TABLE in 0.001 seconds
[0m09:36:07.792325 [debug] [Thread-1 (]: Using postgres connection "model.taxi_analytics.stg_trips"
[0m09:36:07.793347 [debug] [Thread-1 (]: On model.taxi_analytics.stg_trips: /* {"app": "dbt", "dbt_version": "1.12.5", "profile_name": "taxi_analytics", "target_name": "dev", "node_id": "model.taxi_analytics.stg_trips"} */
alter table "nyc_taxi"."public_staging"."stg_trips__dbt_tmp" rename to "stg_trips"
[0m09:36:07.795613 [debug] [Thread-1 (]: SQL status: ALTER TABLE in 0.001 seconds
[0m09:36:07.838521 [debug] [Thread-1 (]: On model.taxi_analytics.stg_trips: COMMIT
[0m09:36:07.839304 [debug] [Thread-1 (]: Using postgres connection "model.taxi_analytics.stg_trips"
[0m09:36:07.839890 [debug] [Thread-1 (]: On model.taxi_analytics.stg_trips: COMMIT
[0m09:36:07.843573 [debug] [Thread-1 (]: SQL status: COMMIT in 0.003 seconds
[0m09:36:07.856295 [debug] [Thread-1 (]: Applying DROP to: "nyc_taxi"."public_staging"."stg_trips__dbt_backup"
[0m09:36:07.863592 [debug] [Thread-1 (]: Using postgres connection "model.taxi_analytics.stg_trips"
[0m09:36:07.864065 [debug] [Thread-1 (]: On model.taxi_analytics.stg_trips: /* {"app": "dbt", "dbt_version": "1.12.5", "profile_name": "taxi_analytics", "target_name": "dev", "node_id": "model.taxi_analytics.stg_trips"} */
drop view if exists "nyc_taxi"."public_staging"."stg_trips__dbt_backup" cascade
[0m09:36:07.904137 [debug] [Thread-1 (]: SQL status: DROP VIEW in 0.039 seconds
[0m09:36:07.910927 [debug] [Thread-1 (]: On model.taxi_analytics.stg_trips: Close
[0m09:36:07.917660 [debug] [Thread-1 (]: Sending event: {'category': 'dbt', 'action': 'run_model', 'label': 'ba2b69b3-dbc0-4baf-a791-9237b65426f0', 'context': [<snowplow_tracker.self_describing_json.SelfDescribingJson object at 0x0000015B0CB1C1B0>]}
[0m09:36:07.919503 [info ] [Thread-1 (]: 1 of 1 OK created sql view model public_staging.stg_trips ...................... [[32mCREATE VIEW[0m in 0.66s]
[0m09:36:07.922292 [debug] [Thread-1 (]: Finished running node model.taxi_analytics.stg_trips
[0m09:36:07.927212 [debug] [MainThread]: On master: COMMIT
[0m09:36:07.928102 [debug] [MainThread]: Using postgres connection "master"
[0m09:36:07.928820 [debug] [MainThread]: On master: COMMIT
[0m09:36:07.929507 [debug] [MainThread]: Opening a new connection, currently in state closed
[0m09:36:08.022090 [debug] [MainThread]: SQL status: COMMIT in 0.093 seconds
[0m09:36:08.022623 [debug] [MainThread]: On master: Close
[0m09:36:08.023271 [debug] [MainThread]: Connection 'master' was properly closed.
[0m09:36:08.023724 [debug] [MainThread]: Connection 'list_nyc_taxi' was properly closed.
[0m09:36:08.024196 [debug] [MainThread]: Connection 'list_nyc_taxi_public_reference' was properly closed.
[0m09:36:08.024520 [debug] [MainThread]: Connection 'list_nyc_taxi_public_intermediate' was properly closed.
[0m09:36:08.024868 [debug] [MainThread]: Connection 'list_nyc_taxi_public_analytics' was properly closed.
[0m09:36:08.025183 [debug] [MainThread]: Connection 'list_nyc_taxi_public_staging' was properly closed.
[0m09:36:08.025461 [debug] [MainThread]: Connection 'model.taxi_analytics.stg_trips' was properly closed.
[0m09:36:08.025798 [info ] [MainThread]: 
[0m09:36:08.026725 [info ] [MainThread]: Finished running 1 view model in 0 hours 0 minutes and 5.43 seconds (5.43s).
[0m09:36:08.028032 [debug] [MainThread]: Command end result
[0m09:36:08.067015 [debug] [MainThread]: Wrote artifact WritableManifest to D:\MEHDI\Study\WISD-EID\projetcs\NYC TaxiFlow\dbt\target\manifest.json
[0m09:36:08.074402 [debug] [MainThread]: Wrote artifact SemanticManifest to D:\MEHDI\Study\WISD-EID\projetcs\NYC TaxiFlow\dbt\target\semantic_manifest.json
[0m09:36:08.081169 [debug] [MainThread]: Wrote artifact OsiDocument to D:\MEHDI\Study\WISD-EID\projetcs\NYC TaxiFlow\dbt\target\osi_document.json
[0m09:36:08.089020 [debug] [MainThread]: Wrote artifact RunExecutionResult to D:\MEHDI\Study\WISD-EID\projetcs\NYC TaxiFlow\dbt\target\run_results.json
[0m09:36:08.089656 [info ] [MainThread]: 
[0m09:36:08.090243 [info ] [MainThread]: [32mCompleted successfully[0m
[0m09:36:08.090980 [info ] [MainThread]: 
[0m09:36:08.091675 [info ] [MainThread]: Done. PASS=1 WARN=0 ERROR=0 SKIP=0 NO-OP=0 REUSED=0 TOTAL=1
[0m09:36:08.092545 [warn ] [MainThread]: [[33mWARNING[0m][DeprecationsSummary]: Deprecated functionality
Summary of encountered deprecations:
- MissingArgumentsPropertyInGenericTestDeprecation: 1 occurrence
To see all deprecation instances instead of just the first occurrence of each,
run command again with the `--show-all-deprecations` flag. You may also need to
run with `--no-partial-parse` as some deprecations are only encountered during
parsing.
[0m09:36:08.094402 [debug] [MainThread]: Command `dbt run` succeeded at 09:36:08.094221 after 12.61 seconds
[0m09:36:08.094878 [debug] [MainThread]: Sending event: {'category': 'dbt', 'action': 'invocation', 'label': 'end', 'context': [<snowplow_tracker.self_describing_json.SelfDescribingJson object at 0x0000015B0CB42AD0>, <snowplow_tracker.self_describing_json.SelfDescribingJson object at 0x0000015B0B8BB140>, <snowplow_tracker.self_describing_json.SelfDescribingJson object at 0x0000015B0B7DA8D0>]}
[0m09:36:08.095339 [debug] [MainThread]: Flushing usage events
[0m09:36:09.489067 [debug] [MainThread]: An error was encountered while trying to flush usage events
[0m09:36:18.050299 [debug] [MainThread]: Sending event: {'category': 'dbt', 'action': 'invocation', 'label': 'start', 'context': [<snowplow_tracker.self_describing_json.SelfDescribingJson object at 0x000001F7B911F230>, <snowplow_tracker.self_describing_json.SelfDescribingJson object at 0x000001F7BB6CBED0>, <snowplow_tracker.self_describing_json.SelfDescribingJson object at 0x000001F7BB6CBC50>]}


============================== 09:36:18.065027 | 6468f106-564f-47e5-a61c-d481c9d59198 ==============================
[0m09:36:18.065027 [info ] [MainThread]: Running with dbt=1.12.5
[0m09:36:18.065963 [debug] [MainThread]: running dbt with arguments {'static_parser': 'True', 'no_print': 'None', 'version_check': 'True', 'target_path': 'None', 'maximum_seed_size_mib': '1', 'warn_error_options': 'WarnErrorOptionsV2(error=[], warn=[], silence=[])', 'printer_width': '80', 'write_json': 'True', 'introspect': 'True', 'log_cache_events': 'False', 'empty': 'None', 'cache_selected_only': 'False', 'log_format': 'default', 'debug': 'False', 'fail_fast': 'False', 'profiles_dir': 'D:\\MEHDI\\Study\\WISD-EID\\projetcs\\NYC TaxiFlow\\dbt', 'send_anonymous_usage_stats': 'True', 'quiet': 'False', 'warn_error': 'None', 'partial_parse': 'True', 'use_colors': 'True', 'hints_enabled': 'True', 'invocation_command': 'dbt test --select stg_trips', 'use_experimental_parser': 'False', 'indirect_selection': 'eager', 'log_path': 'D:\\MEHDI\\Study\\WISD-EID\\projetcs\\NYC TaxiFlow\\dbt\\logs'}
[0m09:36:18.419393 [debug] [MainThread]: Sending event: {'category': 'dbt', 'action': 'project_id', 'label': '6468f106-564f-47e5-a61c-d481c9d59198', 'context': [<snowplow_tracker.self_describing_json.SelfDescribingJson object at 0x000001F7B964F100>]}
[0m09:36:18.517686 [debug] [MainThread]: Sending event: {'category': 'dbt', 'action': 'adapter_info', 'label': '6468f106-564f-47e5-a61c-d481c9d59198', 'context': [<snowplow_tracker.self_describing_json.SelfDescribingJson object at 0x000001F7BB826690>]}
[0m09:36:18.520469 [info ] [MainThread]: Registered adapter: postgres=1.11.0
[0m09:36:18.921036 [debug] [MainThread]: checksum: 9607b53e0bcec4aae7a28a2b598befef7e2640a23c376f5ae19341de1d9729bc, vars: {}, profile: taxi_analytics, target: dev, version: 1.12.5
[0m09:36:19.311909 [debug] [MainThread]: Partial parsing enabled: 0 files deleted, 0 files added, 0 files changed.
[0m09:36:19.312545 [debug] [MainThread]: Nothing changed, skipping partial parsing.
[0m09:36:19.313011 [debug] [MainThread]: Partial parsing enabled, no changes found, skipping parsing
[0m09:36:19.325921 [debug] [MainThread]: Sending event: {'category': 'dbt', 'action': 'load_project', 'label': '6468f106-564f-47e5-a61c-d481c9d59198', 'context': [<snowplow_tracker.self_describing_json.SelfDescribingJson object at 0x000001F7BBD27850>]}
[0m09:36:19.677356 [debug] [MainThread]: Wrote artifact WritableManifest to D:\MEHDI\Study\WISD-EID\projetcs\NYC TaxiFlow\dbt\target\manifest.json
[0m09:36:19.687188 [debug] [MainThread]: Wrote artifact SemanticManifest to D:\MEHDI\Study\WISD-EID\projetcs\NYC TaxiFlow\dbt\target\semantic_manifest.json
[0m09:36:19.743160 [debug] [MainThread]: Wrote artifact OsiDocument to D:\MEHDI\Study\WISD-EID\projetcs\NYC TaxiFlow\dbt\target\osi_document.json
[0m09:36:19.791251 [debug] [MainThread]: Sending event: {'category': 'dbt', 'action': 'resource_counts', 'label': '6468f106-564f-47e5-a61c-d481c9d59198', 'context': [<snowplow_tracker.self_describing_json.SelfDescribingJson object at 0x000001F7BBF625D0>]}
[0m09:36:19.792307 [info ] [MainThread]: Found 10 models, 12 data tests, 1 seed, 1 source, 477 macros
[0m09:36:19.793508 [debug] [MainThread]: Sending event: {'category': 'dbt', 'action': 'runnable_timing', 'label': '6468f106-564f-47e5-a61c-d481c9d59198', 'context': [<snowplow_tracker.self_describing_json.SelfDescribingJson object at 0x000001F7BBCBD010>]}
[0m09:36:19.796996 [info ] [MainThread]: 
[0m09:36:19.798036 [info ] [MainThread]: Concurrency: 4 threads (target='dev')
[0m09:36:19.799182 [info ] [MainThread]: 
[0m09:36:19.800073 [debug] [MainThread]: Acquiring new postgres connection 'master'
[0m09:36:19.806260 [debug] [ThreadPool]: Acquiring new postgres connection 'list_nyc_taxi_public_intermediate'
[0m09:36:19.818114 [debug] [ThreadPool]: Acquiring new postgres connection 'list_nyc_taxi_public_reference'
[0m09:36:19.824348 [debug] [ThreadPool]: Acquiring new postgres connection 'list_nyc_taxi_public_staging'
[0m09:36:19.826286 [debug] [ThreadPool]: Acquiring new postgres connection 'list_nyc_taxi_public_analytics'
[0m09:36:19.916417 [debug] [ThreadPool]: Using postgres connection "list_nyc_taxi_public_intermediate"
[0m09:36:19.916910 [debug] [ThreadPool]: On list_nyc_taxi_public_intermediate: /* {"app": "dbt", "dbt_version": "1.12.5", "profile_name": "taxi_analytics", "target_name": "dev", "connection_name": "list_nyc_taxi_public_intermediate"} */
select
      'nyc_taxi' as database,
      tablename as name,
      schemaname as schema,
      'table' as type
    from pg_tables
    where schemaname ilike 'public_intermediate'
    union all
    select
      'nyc_taxi' as database,
      viewname as name,
      schemaname as schema,
      'view' as type
    from pg_views
    where schemaname ilike 'public_intermediate'
    union all
    select
      'nyc_taxi' as database,
      matviewname as name,
      schemaname as schema,
      'materialized_view' as type
    from pg_matviews
    where schemaname ilike 'public_intermediate'
    union all
    select distinct
     'nyc_taxi' as database,
     proname as name,
     ns.nspname as schema,
     'function' as type
    from pg_proc
     join pg_namespace as ns on pronamespace = ns.oid
    where ns.nspname ilike 'public_intermediate'
  
[0m09:36:19.917255 [debug] [ThreadPool]: Opening a new connection, currently in state init
[0m09:36:19.917906 [debug] [ThreadPool]: Using postgres connection "list_nyc_taxi_public_staging"
[0m09:36:19.918413 [debug] [ThreadPool]: Using postgres connection "list_nyc_taxi_public_analytics"
[0m09:36:19.918936 [debug] [ThreadPool]: On list_nyc_taxi_public_staging: /* {"app": "dbt", "dbt_version": "1.12.5", "profile_name": "taxi_analytics", "target_name": "dev", "connection_name": "list_nyc_taxi_public_staging"} */
select
      'nyc_taxi' as database,
      tablename as name,
      schemaname as schema,
      'table' as type
    from pg_tables
    where schemaname ilike 'public_staging'
    union all
    select
      'nyc_taxi' as database,
      viewname as name,
      schemaname as schema,
      'view' as type
    from pg_views
    where schemaname ilike 'public_staging'
    union all
    select
      'nyc_taxi' as database,
      matviewname as name,
      schemaname as schema,
      'materialized_view' as type
    from pg_matviews
    where schemaname ilike 'public_staging'
    union all
    select distinct
     'nyc_taxi' as database,
     proname as name,
     ns.nspname as schema,
     'function' as type
    from pg_proc
     join pg_namespace as ns on pronamespace = ns.oid
    where ns.nspname ilike 'public_staging'
  
[0m09:36:19.919478 [debug] [ThreadPool]: Using postgres connection "list_nyc_taxi_public_reference"
[0m09:36:19.919891 [debug] [ThreadPool]: On list_nyc_taxi_public_analytics: /* {"app": "dbt", "dbt_version": "1.12.5", "profile_name": "taxi_analytics", "target_name": "dev", "connection_name": "list_nyc_taxi_public_analytics"} */
select
      'nyc_taxi' as database,
      tablename as name,
      schemaname as schema,
      'table' as type
    from pg_tables
    where schemaname ilike 'public_analytics'
    union all
    select
      'nyc_taxi' as database,
      viewname as name,
      schemaname as schema,
      'view' as type
    from pg_views
    where schemaname ilike 'public_analytics'
    union all
    select
      'nyc_taxi' as database,
      matviewname as name,
      schemaname as schema,
      'materialized_view' as type
    from pg_matviews
    where schemaname ilike 'public_analytics'
    union all
    select distinct
     'nyc_taxi' as database,
     proname as name,
     ns.nspname as schema,
     'function' as type
    from pg_proc
     join pg_namespace as ns on pronamespace = ns.oid
    where ns.nspname ilike 'public_analytics'
  
[0m09:36:19.920339 [debug] [ThreadPool]: Opening a new connection, currently in state init
[0m09:36:19.920706 [debug] [ThreadPool]: On list_nyc_taxi_public_reference: /* {"app": "dbt", "dbt_version": "1.12.5", "profile_name": "taxi_analytics", "target_name": "dev", "connection_name": "list_nyc_taxi_public_reference"} */
select
      'nyc_taxi' as database,
      tablename as name,
      schemaname as schema,
      'table' as type
    from pg_tables
    where schemaname ilike 'public_reference'
    union all
    select
      'nyc_taxi' as database,
      viewname as name,
      schemaname as schema,
      'view' as type
    from pg_views
    where schemaname ilike 'public_reference'
    union all
    select
      'nyc_taxi' as database,
      matviewname as name,
      schemaname as schema,
      'materialized_view' as type
    from pg_matviews
    where schemaname ilike 'public_reference'
    union all
    select distinct
     'nyc_taxi' as database,
     proname as name,
     ns.nspname as schema,
     'function' as type
    from pg_proc
     join pg_namespace as ns on pronamespace = ns.oid
    where ns.nspname ilike 'public_reference'
  
[0m09:36:19.921138 [debug] [ThreadPool]: Opening a new connection, currently in state init
[0m09:36:19.921648 [debug] [ThreadPool]: Opening a new connection, currently in state init
[0m09:36:20.018631 [debug] [ThreadPool]: SQL status: SELECT 1 in 0.097 seconds
[0m09:36:20.021247 [debug] [ThreadPool]: On list_nyc_taxi_public_reference: ROLLBACK
[0m09:36:20.022148 [debug] [ThreadPool]: On list_nyc_taxi_public_reference: Close
[0m09:36:20.027504 [debug] [ThreadPool]: SQL status: SELECT 0 in 0.110 seconds
[0m09:36:20.029044 [debug] [ThreadPool]: On list_nyc_taxi_public_intermediate: ROLLBACK
[0m09:36:20.029471 [debug] [ThreadPool]: SQL status: SELECT 2 in 0.109 seconds
[0m09:36:20.030767 [debug] [ThreadPool]: On list_nyc_taxi_public_staging: ROLLBACK
[0m09:36:20.031154 [debug] [ThreadPool]: On list_nyc_taxi_public_intermediate: Close
[0m09:36:20.031567 [debug] [ThreadPool]: On list_nyc_taxi_public_staging: Close
[0m09:36:20.110482 [debug] [ThreadPool]: SQL status: SELECT 0 in 0.189 seconds
[0m09:36:20.112196 [debug] [ThreadPool]: On list_nyc_taxi_public_analytics: ROLLBACK
[0m09:36:20.112865 [debug] [ThreadPool]: On list_nyc_taxi_public_analytics: Close
[0m09:36:20.119891 [debug] [MainThread]: Using postgres connection "master"
[0m09:36:20.120552 [debug] [MainThread]: On master: /* {"app": "dbt", "dbt_version": "1.12.5", "profile_name": "taxi_analytics", "target_name": "dev", "connection_name": "master"} */
select distinct
        dependent_namespace.nspname as dependent_schema,
        dependent_class.relname as dependent_name,
        referenced_namespace.nspname as referenced_schema,
        referenced_class.relname as referenced_name

    -- Query for views: views are entries in pg_class with an entry in pg_rewrite, but we avoid
    -- a seq scan on pg_rewrite by leveraging the fact there is an "internal" row in pg_depend for
    -- the view...
    from pg_class as dependent_class
    join pg_namespace as dependent_namespace on dependent_namespace.oid = dependent_class.relnamespace
    join pg_depend as dependent_depend on dependent_depend.refobjid = dependent_class.oid
        and dependent_depend.classid = 'pg_rewrite'::regclass
        and dependent_depend.refclassid = 'pg_class'::regclass
        and dependent_depend.deptype = 'i'

    -- ... and via pg_depend (that has a row per column, hence the need for "distinct" above, and
    -- making sure to exclude the internal row to avoid a view appearing to depend on itself)...
    join pg_depend as joining_depend on joining_depend.objid = dependent_depend.objid
        and joining_depend.classid = 'pg_rewrite'::regclass
        and joining_depend.refclassid = 'pg_class'::regclass
        and joining_depend.refobjid != dependent_depend.refobjid

    -- ... we can find the tables they query from in pg_class, but excluding system tables. Note we
    -- don't need need to exclude _dependent_ system tables, because they only query from other
    -- system tables, and so are automatically excluded by excluding _referenced_ system tables
    join pg_class as referenced_class on referenced_class.oid = joining_depend.refobjid
    join pg_namespace as referenced_namespace on referenced_namespace.oid = referenced_class.relnamespace
        and referenced_namespace.nspname != 'information_schema'
        and referenced_namespace.nspname not like 'pg\_%'

    order by
        dependent_schema, dependent_name, referenced_schema, referenced_name;
[0m09:36:20.121083 [debug] [MainThread]: Opening a new connection, currently in state init
[0m09:36:20.185073 [debug] [MainThread]: SQL status: SELECT 2 in 0.064 seconds
[0m09:36:20.186733 [debug] [MainThread]: Sending event: {'category': 'dbt', 'action': 'runnable_timing', 'label': '6468f106-564f-47e5-a61c-d481c9d59198', 'context': [<snowplow_tracker.self_describing_json.SelfDescribingJson object at 0x000001F7BC161980>]}
[0m09:36:20.187212 [debug] [MainThread]: On master: ROLLBACK
[0m09:36:20.187792 [debug] [MainThread]: On master: COMMIT
[0m09:36:20.188099 [debug] [MainThread]: Using postgres connection "master"
[0m09:36:20.188367 [debug] [MainThread]: On master: COMMIT
[0m09:36:20.189123 [debug] [MainThread]: SQL status: COMMIT in 0.000 seconds
[0m09:36:20.189563 [debug] [MainThread]: On master: Close
[0m09:36:20.199566 [debug] [Thread-1 (]: Began running node test.taxi_analytics.accepted_values_stg_trips_payment_type__0__1__2__3__4__5__6.0972e03b73
[0m09:36:20.200299 [debug] [Thread-3 (]: Began running node test.taxi_analytics.not_null_stg_trips_pickup_datetime.4df9e7a15c
[0m09:36:20.200985 [debug] [Thread-4 (]: Began running node test.taxi_analytics.not_null_stg_trips_trip_id.159f524fc2
[0m09:36:20.201574 [debug] [Thread-2 (]: Began running node test.taxi_analytics.not_null_stg_trips_dropoff_datetime.40138f282b
[0m09:36:20.202227 [info ] [Thread-1 (]: 1 of 6 START test accepted_values_stg_trips_payment_type__0__1__2__3__4__5__6 .. [RUN]
[0m09:36:20.204954 [debug] [Thread-1 (]: Acquiring new postgres connection 'test.taxi_analytics.accepted_values_stg_trips_payment_type__0__1__2__3__4__5__6.0972e03b73'
[0m09:36:20.202747 [info ] [Thread-3 (]: 3 of 6 START test not_null_stg_trips_pickup_datetime ........................... [RUN]
[0m09:36:20.206273 [debug] [Thread-1 (]: Began compiling node test.taxi_analytics.accepted_values_stg_trips_payment_type__0__1__2__3__4__5__6.0972e03b73
[0m09:36:20.203559 [info ] [Thread-4 (]: 4 of 6 START test not_null_stg_trips_trip_id ................................... [RUN]
[0m09:36:20.207139 [debug] [Thread-3 (]: Acquiring new postgres connection 'test.taxi_analytics.not_null_stg_trips_pickup_datetime.4df9e7a15c'
[0m09:36:20.204204 [info ] [Thread-2 (]: 2 of 6 START test not_null_stg_trips_dropoff_datetime .......................... [RUN]
[0m09:36:20.235536 [debug] [Thread-1 (]: Writing injected SQL for node "test.taxi_analytics.accepted_values_stg_trips_payment_type__0__1__2__3__4__5__6.0972e03b73"
[0m09:36:20.236226 [debug] [Thread-4 (]: Acquiring new postgres connection 'test.taxi_analytics.not_null_stg_trips_trip_id.159f524fc2'
[0m09:36:20.236752 [debug] [Thread-3 (]: Began compiling node test.taxi_analytics.not_null_stg_trips_pickup_datetime.4df9e7a15c
[0m09:36:20.237338 [debug] [Thread-2 (]: Acquiring new postgres connection 'test.taxi_analytics.not_null_stg_trips_dropoff_datetime.40138f282b'
[0m09:36:20.238094 [debug] [Thread-4 (]: Began compiling node test.taxi_analytics.not_null_stg_trips_trip_id.159f524fc2
[0m09:36:20.252552 [debug] [Thread-3 (]: Writing injected SQL for node "test.taxi_analytics.not_null_stg_trips_pickup_datetime.4df9e7a15c"
[0m09:36:20.253253 [debug] [Thread-2 (]: Began compiling node test.taxi_analytics.not_null_stg_trips_dropoff_datetime.40138f282b
[0m09:36:20.266898 [debug] [Thread-4 (]: Writing injected SQL for node "test.taxi_analytics.not_null_stg_trips_trip_id.159f524fc2"
[0m09:36:20.267819 [debug] [Thread-1 (]: Began executing node test.taxi_analytics.accepted_values_stg_trips_payment_type__0__1__2__3__4__5__6.0972e03b73
[0m09:36:20.278539 [debug] [Thread-2 (]: Writing injected SQL for node "test.taxi_analytics.not_null_stg_trips_dropoff_datetime.40138f282b"
[0m09:36:20.289598 [debug] [Thread-3 (]: Began executing node test.taxi_analytics.not_null_stg_trips_pickup_datetime.4df9e7a15c
[0m09:36:20.316299 [debug] [Thread-1 (]: Writing runtime sql for node "test.taxi_analytics.accepted_values_stg_trips_payment_type__0__1__2__3__4__5__6.0972e03b73"
[0m09:36:20.322117 [debug] [Thread-3 (]: Writing runtime sql for node "test.taxi_analytics.not_null_stg_trips_pickup_datetime.4df9e7a15c"
[0m09:36:20.323441 [debug] [Thread-4 (]: Began executing node test.taxi_analytics.not_null_stg_trips_trip_id.159f524fc2
[0m09:36:20.328664 [debug] [Thread-4 (]: Writing runtime sql for node "test.taxi_analytics.not_null_stg_trips_trip_id.159f524fc2"
[0m09:36:20.329977 [debug] [Thread-2 (]: Began executing node test.taxi_analytics.not_null_stg_trips_dropoff_datetime.40138f282b
[0m09:36:20.333939 [debug] [Thread-2 (]: Writing runtime sql for node "test.taxi_analytics.not_null_stg_trips_dropoff_datetime.40138f282b"
[0m09:36:20.335516 [debug] [Thread-1 (]: Using postgres connection "test.taxi_analytics.accepted_values_stg_trips_payment_type__0__1__2__3__4__5__6.0972e03b73"
[0m09:36:20.338037 [debug] [Thread-3 (]: Using postgres connection "test.taxi_analytics.not_null_stg_trips_pickup_datetime.4df9e7a15c"
[0m09:36:20.336665 [debug] [Thread-1 (]: On test.taxi_analytics.accepted_values_stg_trips_payment_type__0__1__2__3__4__5__6.0972e03b73: /* {"app": "dbt", "dbt_version": "1.12.5", "profile_name": "taxi_analytics", "target_name": "dev", "node_id": "test.taxi_analytics.accepted_values_stg_trips_payment_type__0__1__2__3__4__5__6.0972e03b73"} */

    
    select
      count(*) as failures,
      count(*) != 0 as should_warn,
      count(*) != 0 as should_error
    from (
      
    
  
    
    

with all_values as (

    select
        payment_type as value_field,
        count(*) as n_records

    from "nyc_taxi"."public_staging"."stg_trips"
    group by payment_type

)

select *
from all_values
where value_field not in (
    '0','1','2','3','4','5','6'
)



  
  
      
    ) dbt_internal_test
[0m09:36:20.339415 [debug] [Thread-3 (]: On test.taxi_analytics.not_null_stg_trips_pickup_datetime.4df9e7a15c: /* {"app": "dbt", "dbt_version": "1.12.5", "profile_name": "taxi_analytics", "target_name": "dev", "node_id": "test.taxi_analytics.not_null_stg_trips_pickup_datetime.4df9e7a15c"} */

    
    select
      count(*) as failures,
      count(*) != 0 as should_warn,
      count(*) != 0 as should_error
    from (
      
    
  
    
    



select pickup_datetime
from "nyc_taxi"."public_staging"."stg_trips"
where pickup_datetime is null



  
  
      
    ) dbt_internal_test
[0m09:36:20.340469 [debug] [Thread-1 (]: Opening a new connection, currently in state init
[0m09:36:20.341425 [debug] [Thread-3 (]: Opening a new connection, currently in state init
[0m09:36:20.342400 [debug] [Thread-4 (]: Using postgres connection "test.taxi_analytics.not_null_stg_trips_trip_id.159f524fc2"
[0m09:36:20.344106 [debug] [Thread-4 (]: On test.taxi_analytics.not_null_stg_trips_trip_id.159f524fc2: /* {"app": "dbt", "dbt_version": "1.12.5", "profile_name": "taxi_analytics", "target_name": "dev", "node_id": "test.taxi_analytics.not_null_stg_trips_trip_id.159f524fc2"} */

    
    select
      count(*) as failures,
      count(*) != 0 as should_warn,
      count(*) != 0 as should_error
    from (
      
    
  
    
    



select trip_id
from "nyc_taxi"."public_staging"."stg_trips"
where trip_id is null



  
  
      
    ) dbt_internal_test
[0m09:36:20.344939 [debug] [Thread-4 (]: Opening a new connection, currently in state init
[0m09:36:20.345617 [debug] [Thread-2 (]: Using postgres connection "test.taxi_analytics.not_null_stg_trips_dropoff_datetime.40138f282b"
[0m09:36:20.346383 [debug] [Thread-2 (]: On test.taxi_analytics.not_null_stg_trips_dropoff_datetime.40138f282b: /* {"app": "dbt", "dbt_version": "1.12.5", "profile_name": "taxi_analytics", "target_name": "dev", "node_id": "test.taxi_analytics.not_null_stg_trips_dropoff_datetime.40138f282b"} */

    
    select
      count(*) as failures,
      count(*) != 0 as should_warn,
      count(*) != 0 as should_error
    from (
      
    
  
    
    



select dropoff_datetime
from "nyc_taxi"."public_staging"."stg_trips"
where dropoff_datetime is null



  
  
      
    ) dbt_internal_test
[0m09:36:20.347143 [debug] [Thread-2 (]: Opening a new connection, currently in state init
[0m09:36:27.483639 [debug] [Thread-1 (]: SQL status: SELECT 1 in 7.142 seconds
[0m09:36:27.500274 [debug] [Thread-1 (]: On test.taxi_analytics.accepted_values_stg_trips_payment_type__0__1__2__3__4__5__6.0972e03b73: ROLLBACK
[0m09:36:27.502454 [debug] [Thread-1 (]: On test.taxi_analytics.accepted_values_stg_trips_payment_type__0__1__2__3__4__5__6.0972e03b73: Close
[0m09:36:27.505219 [info ] [Thread-1 (]: 1 of 6 PASS accepted_values_stg_trips_payment_type__0__1__2__3__4__5__6 ........ [[32mPASS[0m in 7.30s]
[0m09:36:27.509710 [debug] [Thread-1 (]: Finished running node test.taxi_analytics.accepted_values_stg_trips_payment_type__0__1__2__3__4__5__6.0972e03b73
[0m09:36:27.511983 [debug] [Thread-1 (]: Began running node test.taxi_analytics.not_null_stg_trips_vendor_id.d0147d1fcd
[0m09:36:27.513804 [info ] [Thread-1 (]: 5 of 6 START test not_null_stg_trips_vendor_id ................................. [RUN]
[0m09:36:27.517739 [debug] [Thread-1 (]: Re-using an available connection from the pool (formerly test.taxi_analytics.accepted_values_stg_trips_payment_type__0__1__2__3__4__5__6.0972e03b73, now test.taxi_analytics.not_null_stg_trips_vendor_id.d0147d1fcd)
[0m09:36:27.519119 [debug] [Thread-1 (]: Began compiling node test.taxi_analytics.not_null_stg_trips_vendor_id.d0147d1fcd
[0m09:36:27.546728 [debug] [Thread-1 (]: Writing injected SQL for node "test.taxi_analytics.not_null_stg_trips_vendor_id.d0147d1fcd"
[0m09:36:27.549067 [debug] [Thread-1 (]: Began executing node test.taxi_analytics.not_null_stg_trips_vendor_id.d0147d1fcd
[0m09:36:27.554130 [debug] [Thread-1 (]: Writing runtime sql for node "test.taxi_analytics.not_null_stg_trips_vendor_id.d0147d1fcd"
[0m09:36:27.555167 [debug] [Thread-2 (]: SQL status: SELECT 1 in 7.207 seconds
[0m09:36:27.558138 [debug] [Thread-2 (]: On test.taxi_analytics.not_null_stg_trips_dropoff_datetime.40138f282b: ROLLBACK
[0m09:36:27.559412 [debug] [Thread-2 (]: On test.taxi_analytics.not_null_stg_trips_dropoff_datetime.40138f282b: Close
[0m09:36:27.561150 [debug] [Thread-1 (]: Using postgres connection "test.taxi_analytics.not_null_stg_trips_vendor_id.d0147d1fcd"
[0m09:36:27.562301 [debug] [Thread-1 (]: On test.taxi_analytics.not_null_stg_trips_vendor_id.d0147d1fcd: /* {"app": "dbt", "dbt_version": "1.12.5", "profile_name": "taxi_analytics", "target_name": "dev", "node_id": "test.taxi_analytics.not_null_stg_trips_vendor_id.d0147d1fcd"} */

    
    select
      count(*) as failures,
      count(*) != 0 as should_warn,
      count(*) != 0 as should_error
    from (
      
    
  
    
    



select vendor_id
from "nyc_taxi"."public_staging"."stg_trips"
where vendor_id is null



  
  
      
    ) dbt_internal_test
[0m09:36:27.564433 [debug] [Thread-1 (]: Opening a new connection, currently in state closed
[0m09:36:27.563640 [info ] [Thread-2 (]: 2 of 6 PASS not_null_stg_trips_dropoff_datetime ................................ [[32mPASS[0m in 7.33s]
[0m09:36:27.568016 [debug] [Thread-2 (]: Finished running node test.taxi_analytics.not_null_stg_trips_dropoff_datetime.40138f282b
[0m09:36:27.569627 [debug] [Thread-2 (]: Began running node test.taxi_analytics.unique_stg_trips_trip_id.748f5076fb
[0m09:36:27.571042 [info ] [Thread-2 (]: 6 of 6 START test unique_stg_trips_trip_id ..................................... [RUN]
[0m09:36:27.573538 [debug] [Thread-2 (]: Re-using an available connection from the pool (formerly test.taxi_analytics.not_null_stg_trips_dropoff_datetime.40138f282b, now test.taxi_analytics.unique_stg_trips_trip_id.748f5076fb)
[0m09:36:27.574188 [debug] [Thread-2 (]: Began compiling node test.taxi_analytics.unique_stg_trips_trip_id.748f5076fb
[0m09:36:27.591281 [debug] [Thread-2 (]: Writing injected SQL for node "test.taxi_analytics.unique_stg_trips_trip_id.748f5076fb"
[0m09:36:27.594352 [debug] [Thread-2 (]: Began executing node test.taxi_analytics.unique_stg_trips_trip_id.748f5076fb
[0m09:36:27.597672 [debug] [Thread-2 (]: Writing runtime sql for node "test.taxi_analytics.unique_stg_trips_trip_id.748f5076fb"
[0m09:36:27.602276 [debug] [Thread-2 (]: Using postgres connection "test.taxi_analytics.unique_stg_trips_trip_id.748f5076fb"
[0m09:36:27.612564 [debug] [Thread-2 (]: On test.taxi_analytics.unique_stg_trips_trip_id.748f5076fb: /* {"app": "dbt", "dbt_version": "1.12.5", "profile_name": "taxi_analytics", "target_name": "dev", "node_id": "test.taxi_analytics.unique_stg_trips_trip_id.748f5076fb"} */

    
    select
      count(*) as failures,
      count(*) != 0 as should_warn,
      count(*) != 0 as should_error
    from (
      
    
  
    
    

select
    trip_id as unique_field,
    count(*) as n_records

from "nyc_taxi"."public_staging"."stg_trips"
where trip_id is not null
group by trip_id
having count(*) > 1



  
  
      
    ) dbt_internal_test
[0m09:36:27.613655 [debug] [Thread-2 (]: Opening a new connection, currently in state closed
[0m09:36:29.156488 [debug] [Thread-3 (]: SQL status: SELECT 1 in 8.814 seconds
[0m09:36:29.159386 [debug] [Thread-3 (]: On test.taxi_analytics.not_null_stg_trips_pickup_datetime.4df9e7a15c: ROLLBACK
[0m09:36:29.160464 [debug] [Thread-3 (]: On test.taxi_analytics.not_null_stg_trips_pickup_datetime.4df9e7a15c: Close
[0m09:36:29.161789 [info ] [Thread-3 (]: 3 of 6 PASS not_null_stg_trips_pickup_datetime ................................. [[32mPASS[0m in 8.95s]
[0m09:36:29.164242 [debug] [Thread-3 (]: Finished running node test.taxi_analytics.not_null_stg_trips_pickup_datetime.4df9e7a15c
[0m09:36:32.149577 [debug] [Thread-1 (]: SQL status: SELECT 1 in 4.584 seconds
[0m09:36:32.152030 [debug] [Thread-1 (]: On test.taxi_analytics.not_null_stg_trips_vendor_id.d0147d1fcd: ROLLBACK
[0m09:36:32.152910 [debug] [Thread-1 (]: On test.taxi_analytics.not_null_stg_trips_vendor_id.d0147d1fcd: Close
[0m09:36:32.153960 [info ] [Thread-1 (]: 5 of 6 PASS not_null_stg_trips_vendor_id ....................................... [[32mPASS[0m in 4.64s]
[0m09:36:32.155648 [debug] [Thread-1 (]: Finished running node test.taxi_analytics.not_null_stg_trips_vendor_id.d0147d1fcd
[0m09:36:41.268823 [debug] [Thread-4 (]: SQL status: SELECT 1 in 20.920 seconds
[0m09:36:41.272375 [debug] [Thread-4 (]: On test.taxi_analytics.not_null_stg_trips_trip_id.159f524fc2: ROLLBACK
[0m09:36:41.273806 [debug] [Thread-4 (]: On test.taxi_analytics.not_null_stg_trips_trip_id.159f524fc2: Close
[0m09:36:41.275383 [info ] [Thread-4 (]: 4 of 6 PASS not_null_stg_trips_trip_id ......................................... [[32mPASS[0m in 21.04s]
[0m09:36:41.276777 [debug] [Thread-4 (]: Finished running node test.taxi_analytics.not_null_stg_trips_trip_id.159f524fc2
[0m09:37:43.605792 [debug] [Thread-2 (]: SQL status: SELECT 1 in 75.980 seconds
[0m09:37:43.610447 [debug] [Thread-2 (]: On test.taxi_analytics.unique_stg_trips_trip_id.748f5076fb: ROLLBACK
[0m09:37:43.612699 [debug] [Thread-2 (]: On test.taxi_analytics.unique_stg_trips_trip_id.748f5076fb: Close
[0m09:37:43.615088 [error] [Thread-2 (]: 6 of 6 FAIL 1 unique_stg_trips_trip_id ......................................... [[31mFAIL 1[0m in 76.04s]
[0m09:37:43.619122 [debug] [Thread-2 (]: Finished running node test.taxi_analytics.unique_stg_trips_trip_id.748f5076fb
[0m09:37:43.625982 [debug] [MainThread]: On master: COMMIT
[0m09:37:43.627638 [debug] [MainThread]: Using postgres connection "master"
[0m09:37:43.629085 [debug] [MainThread]: On master: COMMIT
[0m09:37:43.629979 [debug] [MainThread]: Opening a new connection, currently in state closed
[0m09:37:43.739406 [debug] [MainThread]: SQL status: COMMIT in 0.109 seconds
[0m09:37:43.740511 [debug] [MainThread]: On master: Close
[0m09:37:43.741948 [debug] [MainThread]: Connection 'master' was properly closed.
[0m09:37:43.742875 [debug] [MainThread]: Connection 'list_nyc_taxi_public_intermediate' was properly closed.
[0m09:37:43.743579 [debug] [MainThread]: Connection 'list_nyc_taxi_public_reference' was properly closed.
[0m09:37:43.744278 [debug] [MainThread]: Connection 'list_nyc_taxi_public_staging' was properly closed.
[0m09:37:43.744975 [debug] [MainThread]: Connection 'list_nyc_taxi_public_analytics' was properly closed.
[0m09:37:43.745783 [debug] [MainThread]: Connection 'test.taxi_analytics.not_null_stg_trips_vendor_id.d0147d1fcd' was properly closed.
[0m09:37:43.746608 [debug] [MainThread]: Connection 'test.taxi_analytics.not_null_stg_trips_pickup_datetime.4df9e7a15c' was properly closed.
[0m09:37:43.747288 [debug] [MainThread]: Connection 'test.taxi_analytics.not_null_stg_trips_trip_id.159f524fc2' was properly closed.
[0m09:37:43.747917 [debug] [MainThread]: Connection 'test.taxi_analytics.unique_stg_trips_trip_id.748f5076fb' was properly closed.
[0m09:37:43.748649 [info ] [MainThread]: 
[0m09:37:43.749584 [info ] [MainThread]: Finished running 6 data tests in 0 hours 1 minutes and 23.95 seconds (83.95s).
[0m09:37:43.755180 [debug] [MainThread]: Command end result
[0m09:37:43.883372 [debug] [MainThread]: Wrote artifact WritableManifest to D:\MEHDI\Study\WISD-EID\projetcs\NYC TaxiFlow\dbt\target\manifest.json
[0m09:37:43.900257 [debug] [MainThread]: Wrote artifact SemanticManifest to D:\MEHDI\Study\WISD-EID\projetcs\NYC TaxiFlow\dbt\target\semantic_manifest.json
[0m09:37:43.915014 [debug] [MainThread]: Wrote artifact OsiDocument to D:\MEHDI\Study\WISD-EID\projetcs\NYC TaxiFlow\dbt\target\osi_document.json
[0m09:37:43.947063 [debug] [MainThread]: Wrote artifact RunExecutionResult to D:\MEHDI\Study\WISD-EID\projetcs\NYC TaxiFlow\dbt\target\run_results.json
[0m09:37:43.948369 [info ] [MainThread]: 
[0m09:37:43.950524 [info ] [MainThread]: [31mCompleted with 1 error, 0 partial successes, and 0 warnings:[0m
[0m09:37:43.952782 [info ] [MainThread]: 
[0m09:37:43.955110 [error] [MainThread]: [[31mERROR[0m]: in test unique_stg_trips_trip_id (models\staging\schema.yml)
[0m09:37:43.956967 [error] [MainThread]:   Got 1 result, configured to fail if != 0
[0m09:37:43.958325 [info ] [MainThread]: 
[0m09:37:43.960270 [info ] [MainThread]:   compiled code at target\compiled\taxi_analytics\models\staging\schema.yml\unique_stg_trips_trip_id.sql
[0m09:37:43.961995 [info ] [MainThread]: 
[0m09:37:43.964072 [info ] [MainThread]: Done. PASS=5 WARN=0 ERROR=1 SKIP=0 NO-OP=0 REUSED=0 TOTAL=6
[0m09:37:43.968618 [debug] [MainThread]: Command `dbt test` failed at 09:37:43.967964 after 86.16 seconds
[0m09:37:43.970099 [debug] [MainThread]: Sending event: {'category': 'dbt', 'action': 'invocation', 'label': 'end', 'context': [<snowplow_tracker.self_describing_json.SelfDescribingJson object at 0x000001F7BB760DD0>, <snowplow_tracker.self_describing_json.SelfDescribingJson object at 0x000001F7BBF1F540>, <snowplow_tracker.self_describing_json.SelfDescribingJson object at 0x000001F7BBF1FD80>]}
[0m09:37:43.971632 [debug] [MainThread]: Flushing usage events
[0m09:37:46.987908 [debug] [MainThread]: An error was encountered while trying to flush usage events
[0m09:43:03.843533 [debug] [MainThread]: Sending event: {'category': 'dbt', 'action': 'invocation', 'label': 'start', 'context': [<snowplow_tracker.self_describing_json.SelfDescribingJson object at 0x00000248010B3230>, <snowplow_tracker.self_describing_json.SelfDescribingJson object at 0x000002480363BED0>, <snowplow_tracker.self_describing_json.SelfDescribingJson object at 0x000002480363BC50>]}


============================== 09:43:03.861949 | 9a572c02-1fb8-4fd2-b0c6-869a10617611 ==============================
[0m09:43:03.861949 [info ] [MainThread]: Running with dbt=1.12.5
[0m09:43:03.863016 [debug] [MainThread]: running dbt with arguments {'version_check': 'True', 'no_print': 'None', 'maximum_seed_size_mib': '1', 'warn_error_options': 'WarnErrorOptionsV2(error=[], warn=[], silence=[])', 'target_path': 'None', 'static_parser': 'True', 'printer_width': '80', 'write_json': 'True', 'empty': 'False', 'log_cache_events': 'False', 'introspect': 'True', 'cache_selected_only': 'False', 'fail_fast': 'False', 'debug': 'False', 'log_format': 'default', 'partial_parse': 'True', 'send_anonymous_usage_stats': 'True', 'quiet': 'False', 'warn_error': 'None', 'profiles_dir': 'D:\\MEHDI\\Study\\WISD-EID\\projetcs\\NYC TaxiFlow\\dbt', 'indirect_selection': 'eager', 'hints_enabled': 'True', 'use_colors': 'True', 'use_experimental_parser': 'False', 'invocation_command': 'dbt run --select stg_trips', 'log_path': 'D:\\MEHDI\\Study\\WISD-EID\\projetcs\\NYC TaxiFlow\\dbt\\logs'}
[0m09:43:04.190247 [debug] [MainThread]: Sending event: {'category': 'dbt', 'action': 'project_id', 'label': '9a572c02-1fb8-4fd2-b0c6-869a10617611', 'context': [<snowplow_tracker.self_describing_json.SelfDescribingJson object at 0x00000248015CF100>]}
[0m09:43:04.335893 [debug] [MainThread]: Sending event: {'category': 'dbt', 'action': 'adapter_info', 'label': '9a572c02-1fb8-4fd2-b0c6-869a10617611', 'context': [<snowplow_tracker.self_describing_json.SelfDescribingJson object at 0x0000024803796690>]}
[0m09:43:04.339385 [info ] [MainThread]: Registered adapter: postgres=1.11.0
[0m09:43:04.936665 [debug] [MainThread]: checksum: 9607b53e0bcec4aae7a28a2b598befef7e2640a23c376f5ae19341de1d9729bc, vars: {}, profile: taxi_analytics, target: dev, version: 1.12.5
[0m09:43:05.191105 [debug] [MainThread]: Partial parsing enabled: 0 files deleted, 0 files added, 1 files changed.
[0m09:43:05.192042 [debug] [MainThread]: Partial parsing: updated file: taxi_analytics://models\staging\stg_trips.sql
[0m09:43:06.259301 [warn ] [MainThread]: [[33mWARNING[0m][MissingArgumentsPropertyInGenericTestDeprecation]: Deprecated
functionality
Found top-level arguments to test `accepted_values` defined on 'stg_trips' in
package 'taxi_analytics' (models\staging\schema.yml). Arguments to generic tests
should be nested under the `arguments` property.
[0m09:43:06.260506 [debug] [MainThread]: Sending event: {'category': 'dbt', 'action': 'deprecation', 'label': '9a572c02-1fb8-4fd2-b0c6-869a10617611', 'property_': 'warn', 'context': [<snowplow_tracker.self_describing_json.SelfDescribingJson object at 0x0000024803EE8750>]}
[0m09:43:06.497471 [debug] [MainThread]: Sending event: {'category': 'dbt', 'action': 'load_project', 'label': '9a572c02-1fb8-4fd2-b0c6-869a10617611', 'context': [<snowplow_tracker.self_describing_json.SelfDescribingJson object at 0x0000024803C473E0>]}
[0m09:43:06.667907 [debug] [MainThread]: Wrote artifact WritableManifest to D:\MEHDI\Study\WISD-EID\projetcs\NYC TaxiFlow\dbt\target\manifest.json
[0m09:43:06.671913 [debug] [MainThread]: Wrote artifact SemanticManifest to D:\MEHDI\Study\WISD-EID\projetcs\NYC TaxiFlow\dbt\target\semantic_manifest.json
[0m09:43:06.724199 [debug] [MainThread]: Wrote artifact OsiDocument to D:\MEHDI\Study\WISD-EID\projetcs\NYC TaxiFlow\dbt\target\osi_document.json
[0m09:43:06.765610 [debug] [MainThread]: Sending event: {'category': 'dbt', 'action': 'resource_counts', 'label': '9a572c02-1fb8-4fd2-b0c6-869a10617611', 'context': [<snowplow_tracker.self_describing_json.SelfDescribingJson object at 0x00000248041D6510>]}
[0m09:43:06.766867 [info ] [MainThread]: Found 10 models, 12 data tests, 1 seed, 1 source, 477 macros
[0m09:43:06.768235 [debug] [MainThread]: Sending event: {'category': 'dbt', 'action': 'runnable_timing', 'label': '9a572c02-1fb8-4fd2-b0c6-869a10617611', 'context': [<snowplow_tracker.self_describing_json.SelfDescribingJson object at 0x0000024804200AE0>]}
[0m09:43:06.773113 [info ] [MainThread]: 
[0m09:43:06.774326 [info ] [MainThread]: Concurrency: 4 threads (target='dev')
[0m09:43:06.774983 [info ] [MainThread]: 
[0m09:43:06.776392 [debug] [MainThread]: Acquiring new postgres connection 'master'
[0m09:43:06.777841 [debug] [ThreadPool]: Acquiring new postgres connection 'list_nyc_taxi'
[0m09:43:06.873660 [debug] [ThreadPool]: Using postgres connection "list_nyc_taxi"
[0m09:43:06.874071 [debug] [ThreadPool]: On list_nyc_taxi: /* {"app": "dbt", "dbt_version": "1.12.5", "profile_name": "taxi_analytics", "target_name": "dev", "connection_name": "list_nyc_taxi"} */

    select distinct nspname from pg_namespace
  
[0m09:43:06.874370 [debug] [ThreadPool]: Opening a new connection, currently in state init
[0m09:43:06.962761 [debug] [ThreadPool]: SQL status: SELECT 7 in 0.088 seconds
[0m09:43:06.964118 [debug] [ThreadPool]: On list_nyc_taxi: Close
[0m09:43:06.972090 [debug] [ThreadPool]: Acquiring new postgres connection 'list_nyc_taxi_public_reference'
[0m09:43:06.977619 [debug] [ThreadPool]: Using postgres connection "list_nyc_taxi_public_reference"
[0m09:43:06.978073 [debug] [ThreadPool]: On list_nyc_taxi_public_reference: /* {"app": "dbt", "dbt_version": "1.12.5", "profile_name": "taxi_analytics", "target_name": "dev", "connection_name": "list_nyc_taxi_public_reference"} */
select
      'nyc_taxi' as database,
      tablename as name,
      schemaname as schema,
      'table' as type
    from pg_tables
    where schemaname ilike 'public_reference'
    union all
    select
      'nyc_taxi' as database,
      viewname as name,
      schemaname as schema,
      'view' as type
    from pg_views
    where schemaname ilike 'public_reference'
    union all
    select
      'nyc_taxi' as database,
      matviewname as name,
      schemaname as schema,
      'materialized_view' as type
    from pg_matviews
    where schemaname ilike 'public_reference'
    union all
    select distinct
     'nyc_taxi' as database,
     proname as name,
     ns.nspname as schema,
     'function' as type
    from pg_proc
     join pg_namespace as ns on pronamespace = ns.oid
    where ns.nspname ilike 'public_reference'
  
[0m09:43:06.978383 [debug] [ThreadPool]: Opening a new connection, currently in state init
[0m09:43:06.979616 [debug] [ThreadPool]: Acquiring new postgres connection 'list_nyc_taxi_public_intermediate'
[0m09:43:06.981316 [debug] [ThreadPool]: Using postgres connection "list_nyc_taxi_public_intermediate"
[0m09:43:06.982505 [debug] [ThreadPool]: On list_nyc_taxi_public_intermediate: /* {"app": "dbt", "dbt_version": "1.12.5", "profile_name": "taxi_analytics", "target_name": "dev", "connection_name": "list_nyc_taxi_public_intermediate"} */
select
      'nyc_taxi' as database,
      tablename as name,
      schemaname as schema,
      'table' as type
    from pg_tables
    where schemaname ilike 'public_intermediate'
    union all
    select
      'nyc_taxi' as database,
      viewname as name,
      schemaname as schema,
      'view' as type
    from pg_views
    where schemaname ilike 'public_intermediate'
    union all
    select
      'nyc_taxi' as database,
      matviewname as name,
      schemaname as schema,
      'materialized_view' as type
    from pg_matviews
    where schemaname ilike 'public_intermediate'
    union all
    select distinct
     'nyc_taxi' as database,
     proname as name,
     ns.nspname as schema,
     'function' as type
    from pg_proc
     join pg_namespace as ns on pronamespace = ns.oid
    where ns.nspname ilike 'public_intermediate'
  
[0m09:43:06.983156 [debug] [ThreadPool]: Acquiring new postgres connection 'list_nyc_taxi_public_analytics'
[0m09:43:06.983755 [debug] [ThreadPool]: Opening a new connection, currently in state init
[0m09:43:06.984261 [debug] [ThreadPool]: Acquiring new postgres connection 'list_nyc_taxi_public_staging'
[0m09:43:06.985340 [debug] [ThreadPool]: Using postgres connection "list_nyc_taxi_public_analytics"
[0m09:43:06.987339 [debug] [ThreadPool]: Using postgres connection "list_nyc_taxi_public_staging"
[0m09:43:06.988160 [debug] [ThreadPool]: On list_nyc_taxi_public_analytics: /* {"app": "dbt", "dbt_version": "1.12.5", "profile_name": "taxi_analytics", "target_name": "dev", "connection_name": "list_nyc_taxi_public_analytics"} */
select
      'nyc_taxi' as database,
      tablename as name,
      schemaname as schema,
      'table' as type
    from pg_tables
    where schemaname ilike 'public_analytics'
    union all
    select
      'nyc_taxi' as database,
      viewname as name,
      schemaname as schema,
      'view' as type
    from pg_views
    where schemaname ilike 'public_analytics'
    union all
    select
      'nyc_taxi' as database,
      matviewname as name,
      schemaname as schema,
      'materialized_view' as type
    from pg_matviews
    where schemaname ilike 'public_analytics'
    union all
    select distinct
     'nyc_taxi' as database,
     proname as name,
     ns.nspname as schema,
     'function' as type
    from pg_proc
     join pg_namespace as ns on pronamespace = ns.oid
    where ns.nspname ilike 'public_analytics'
  
[0m09:43:06.989069 [debug] [ThreadPool]: On list_nyc_taxi_public_staging: /* {"app": "dbt", "dbt_version": "1.12.5", "profile_name": "taxi_analytics", "target_name": "dev", "connection_name": "list_nyc_taxi_public_staging"} */
select
      'nyc_taxi' as database,
      tablename as name,
      schemaname as schema,
      'table' as type
    from pg_tables
    where schemaname ilike 'public_staging'
    union all
    select
      'nyc_taxi' as database,
      viewname as name,
      schemaname as schema,
      'view' as type
    from pg_views
    where schemaname ilike 'public_staging'
    union all
    select
      'nyc_taxi' as database,
      matviewname as name,
      schemaname as schema,
      'materialized_view' as type
    from pg_matviews
    where schemaname ilike 'public_staging'
    union all
    select distinct
     'nyc_taxi' as database,
     proname as name,
     ns.nspname as schema,
     'function' as type
    from pg_proc
     join pg_namespace as ns on pronamespace = ns.oid
    where ns.nspname ilike 'public_staging'
  
[0m09:43:06.989758 [debug] [ThreadPool]: Opening a new connection, currently in state init
[0m09:43:06.990455 [debug] [ThreadPool]: Opening a new connection, currently in state init
[0m09:43:07.095144 [debug] [ThreadPool]: SQL status: SELECT 0 in 0.111 seconds
[0m09:43:07.097969 [debug] [ThreadPool]: On list_nyc_taxi_public_intermediate: ROLLBACK
[0m09:43:07.098806 [debug] [ThreadPool]: SQL status: SELECT 1 in 0.120 seconds
[0m09:43:07.099448 [debug] [ThreadPool]: On list_nyc_taxi_public_intermediate: Close
[0m09:43:07.101638 [debug] [ThreadPool]: On list_nyc_taxi_public_reference: ROLLBACK
[0m09:43:07.102925 [debug] [ThreadPool]: On list_nyc_taxi_public_reference: Close
[0m09:43:07.108275 [debug] [ThreadPool]: SQL status: SELECT 2 in 0.118 seconds
[0m09:43:07.110121 [debug] [ThreadPool]: On list_nyc_taxi_public_staging: ROLLBACK
[0m09:43:07.110987 [debug] [ThreadPool]: On list_nyc_taxi_public_staging: Close
[0m09:43:07.118014 [debug] [ThreadPool]: SQL status: SELECT 0 in 0.128 seconds
[0m09:43:07.119565 [debug] [ThreadPool]: On list_nyc_taxi_public_analytics: ROLLBACK
[0m09:43:07.120236 [debug] [ThreadPool]: On list_nyc_taxi_public_analytics: Close
[0m09:43:07.126694 [debug] [MainThread]: Using postgres connection "master"
[0m09:43:07.127281 [debug] [MainThread]: On master: /* {"app": "dbt", "dbt_version": "1.12.5", "profile_name": "taxi_analytics", "target_name": "dev", "connection_name": "master"} */
select distinct
        dependent_namespace.nspname as dependent_schema,
        dependent_class.relname as dependent_name,
        referenced_namespace.nspname as referenced_schema,
        referenced_class.relname as referenced_name

    -- Query for views: views are entries in pg_class with an entry in pg_rewrite, but we avoid
    -- a seq scan on pg_rewrite by leveraging the fact there is an "internal" row in pg_depend for
    -- the view...
    from pg_class as dependent_class
    join pg_namespace as dependent_namespace on dependent_namespace.oid = dependent_class.relnamespace
    join pg_depend as dependent_depend on dependent_depend.refobjid = dependent_class.oid
        and dependent_depend.classid = 'pg_rewrite'::regclass
        and dependent_depend.refclassid = 'pg_class'::regclass
        and dependent_depend.deptype = 'i'

    -- ... and via pg_depend (that has a row per column, hence the need for "distinct" above, and
    -- making sure to exclude the internal row to avoid a view appearing to depend on itself)...
    join pg_depend as joining_depend on joining_depend.objid = dependent_depend.objid
        and joining_depend.classid = 'pg_rewrite'::regclass
        and joining_depend.refclassid = 'pg_class'::regclass
        and joining_depend.refobjid != dependent_depend.refobjid

    -- ... we can find the tables they query from in pg_class, but excluding system tables. Note we
    -- don't need need to exclude _dependent_ system tables, because they only query from other
    -- system tables, and so are automatically excluded by excluding _referenced_ system tables
    join pg_class as referenced_class on referenced_class.oid = joining_depend.refobjid
    join pg_namespace as referenced_namespace on referenced_namespace.oid = referenced_class.relnamespace
        and referenced_namespace.nspname != 'information_schema'
        and referenced_namespace.nspname not like 'pg\_%'

    order by
        dependent_schema, dependent_name, referenced_schema, referenced_name;
[0m09:43:07.127747 [debug] [MainThread]: Opening a new connection, currently in state init
[0m09:43:07.349846 [debug] [MainThread]: SQL status: SELECT 2 in 0.222 seconds
[0m09:43:07.353389 [debug] [MainThread]: Sending event: {'category': 'dbt', 'action': 'runnable_timing', 'label': '9a572c02-1fb8-4fd2-b0c6-869a10617611', 'context': [<snowplow_tracker.self_describing_json.SelfDescribingJson object at 0x0000024804206090>]}
[0m09:43:07.354412 [debug] [MainThread]: On master: ROLLBACK
[0m09:43:07.355601 [debug] [MainThread]: On master: COMMIT
[0m09:43:07.356319 [debug] [MainThread]: Using postgres connection "master"
[0m09:43:07.356954 [debug] [MainThread]: On master: COMMIT
[0m09:43:07.358322 [debug] [MainThread]: SQL status: COMMIT in 0.001 seconds
[0m09:43:07.359010 [debug] [MainThread]: On master: Close
[0m09:43:07.378837 [debug] [Thread-1 (]: Began running node model.taxi_analytics.stg_trips
[0m09:43:07.380058 [info ] [Thread-1 (]: 1 of 1 START sql view model public_staging.stg_trips ........................... [RUN]
[0m09:43:07.381976 [debug] [Thread-1 (]: Acquiring new postgres connection 'model.taxi_analytics.stg_trips'
[0m09:43:07.382884 [debug] [Thread-1 (]: Began compiling node model.taxi_analytics.stg_trips
[0m09:43:07.395842 [debug] [Thread-1 (]: Writing injected SQL for node "model.taxi_analytics.stg_trips"
[0m09:43:07.398322 [debug] [Thread-1 (]: Began executing node model.taxi_analytics.stg_trips
[0m09:43:07.472672 [debug] [Thread-1 (]: Writing runtime sql for node "model.taxi_analytics.stg_trips"
[0m09:43:07.475159 [debug] [Thread-1 (]: Using postgres connection "model.taxi_analytics.stg_trips"
[0m09:43:07.476550 [debug] [Thread-1 (]: On model.taxi_analytics.stg_trips: /* {"app": "dbt", "dbt_version": "1.12.5", "profile_name": "taxi_analytics", "target_name": "dev", "node_id": "model.taxi_analytics.stg_trips"} */

  create view "nyc_taxi"."public_staging"."stg_trips__dbt_tmp"
    
    
  as (
    -- dbt/taxi_analytics/models/staging/stg_trips.sql
--
-- Staging layer: light renaming/casting only, no business logic.
-- Source: staging.stg_taxi_trips (loaded by src/warehouse/load.py).
--
-- IMPORTANT DESIGN NOTE: the raw TLC data has NO natural trip
-- identifier -- there's no trip_id column in the source at all. Since
-- the project's documented grain is "one row = one taxi trip", we
-- need *some* stable identifier for tests (unique, not_null) and for
-- joins downstream. We synthesize one as a hash of fields that,
-- together, should uniquely identify a real trip.
--
-- CONFIRMED IN PRACTICE: an earlier version of this key (vendor +
-- pickup/dropoff timestamps + both locations only) produced 11 hash
-- collisions out of 3.8M rows. Inspecting those collisions showed
-- genuinely DIFFERENT trips -- same vendor, same pickup/dropoff
-- second, same pickup/dropoff zone, but different fare_amount and
-- trip_distance (e.g. two cars from the same vendor completing
-- different trips that happen to start/end at the same intersection
-- in the same second). This is not a data quality defect in the
-- source; it's a limitation of the original key's granularity. Adding
-- fare_amount and trip_distance -- which were confirmed to differ in
-- every observed collision -- resolves it.
--
-- One remaining collision after that fix involved a trip with
-- trip_duration_minutes = 0 (pickup and dropoff at the identical
-- second) where only payment_type and tip_amount differed (0 tip on
-- a Cash row vs a tip on a Credit card row for otherwise identical
-- fare/distance) -- consistent with TLC's own documented caveat that
-- tips are only captured for credit card payments. This looks like the
-- same physical trip re-submitted under two payment records, a known
-- category of TLC data artifact, rather than a random hash collision.
-- Adding payment_type resolves it while keeping both rows (no silent
-- deletion, consistent with this project's data quality philosophy).
-- Zero-duration trips like this one are a good candidate for a future
-- "suspicious" flag, tracked as a follow-up rather than solved here.
--
-- This remains a probabilistic guarantee, not a mathematical one: two
-- trips identical across ALL of these fields would still collide, but
-- at that point they'd be indistinguishable by any field this dataset
-- provides, which is a reasonable place to stop.
WITH
    source AS (
        SELECT
            *
        FROM
            "nyc_taxi"."staging"."stg_taxi_trips"
    )
SELECT
    md5(
        concat_ws(
            '|',
            "VendorID"::text,
            tpep_pickup_datetime::text,
            tpep_dropoff_datetime::text,
            "PULocationID"::text,
            "DOLocationID"::text,
            fare_amount::text,
            trip_distance::text,
            payment_type::text
        )
    ) AS trip_id,
    "VendorID" AS vendor_id,
    tpep_pickup_datetime AS pickup_datetime,
    tpep_dropoff_datetime AS dropoff_datetime,
    "PULocationID" AS pickup_location_id,
    "DOLocationID" AS dropoff_location_id,
    "RatecodeID" AS ratecode_id,
    payment_type,
    passenger_count,
    trip_distance,
    trip_duration_minutes,
    fare_amount,
    extra,
    mta_tax,
    tip_amount,
    tolls_amount,
    improvement_surcharge,
    congestion_surcharge,
    airport_fee,
    cbd_congestion_fee,
    total_amount,
    pickup_date,
    pickup_hour,
    pickup_weekday,
    pickup_month,
    is_suspicious,
    batch_year,
    batch_month
FROM
    source
  );
[0m09:43:07.477760 [debug] [Thread-1 (]: Opening a new connection, currently in state init
[0m09:43:07.635824 [debug] [Thread-1 (]: SQL status: CREATE VIEW in 0.158 seconds
[0m09:43:07.642888 [debug] [Thread-1 (]: Using postgres connection "model.taxi_analytics.stg_trips"
[0m09:43:07.643328 [debug] [Thread-1 (]: On model.taxi_analytics.stg_trips: /* {"app": "dbt", "dbt_version": "1.12.5", "profile_name": "taxi_analytics", "target_name": "dev", "node_id": "model.taxi_analytics.stg_trips"} */
alter table "nyc_taxi"."public_staging"."stg_trips" rename to "stg_trips__dbt_backup"
[0m09:43:07.644850 [debug] [Thread-1 (]: SQL status: ALTER TABLE in 0.001 seconds
[0m09:43:07.648346 [debug] [Thread-1 (]: Using postgres connection "model.taxi_analytics.stg_trips"
[0m09:43:07.648803 [debug] [Thread-1 (]: On model.taxi_analytics.stg_trips: /* {"app": "dbt", "dbt_version": "1.12.5", "profile_name": "taxi_analytics", "target_name": "dev", "node_id": "model.taxi_analytics.stg_trips"} */
alter table "nyc_taxi"."public_staging"."stg_trips__dbt_tmp" rename to "stg_trips"
[0m09:43:07.649871 [debug] [Thread-1 (]: SQL status: ALTER TABLE in 0.001 seconds
[0m09:43:07.676517 [debug] [Thread-1 (]: On model.taxi_analytics.stg_trips: COMMIT
[0m09:43:07.677046 [debug] [Thread-1 (]: Using postgres connection "model.taxi_analytics.stg_trips"
[0m09:43:07.677423 [debug] [Thread-1 (]: On model.taxi_analytics.stg_trips: COMMIT
[0m09:43:07.680593 [debug] [Thread-1 (]: SQL status: COMMIT in 0.003 seconds
[0m09:43:07.688996 [debug] [Thread-1 (]: Applying DROP to: "nyc_taxi"."public_staging"."stg_trips__dbt_backup"
[0m09:43:07.699561 [debug] [Thread-1 (]: Using postgres connection "model.taxi_analytics.stg_trips"
[0m09:43:07.700400 [debug] [Thread-1 (]: On model.taxi_analytics.stg_trips: /* {"app": "dbt", "dbt_version": "1.12.5", "profile_name": "taxi_analytics", "target_name": "dev", "node_id": "model.taxi_analytics.stg_trips"} */
drop view if exists "nyc_taxi"."public_staging"."stg_trips__dbt_backup" cascade
[0m09:43:07.707578 [debug] [Thread-1 (]: SQL status: DROP VIEW in 0.006 seconds
[0m09:43:07.711321 [debug] [Thread-1 (]: On model.taxi_analytics.stg_trips: Close
[0m09:43:07.714555 [debug] [Thread-1 (]: Sending event: {'category': 'dbt', 'action': 'run_model', 'label': '9a572c02-1fb8-4fd2-b0c6-869a10617611', 'context': [<snowplow_tracker.self_describing_json.SelfDescribingJson object at 0x000002480545C100>]}
[0m09:43:07.715797 [info ] [Thread-1 (]: 1 of 1 OK created sql view model public_staging.stg_trips ...................... [[32mCREATE VIEW[0m in 0.33s]
[0m09:43:07.717307 [debug] [Thread-1 (]: Finished running node model.taxi_analytics.stg_trips
[0m09:43:07.719891 [debug] [MainThread]: On master: COMMIT
[0m09:43:07.720393 [debug] [MainThread]: Using postgres connection "master"
[0m09:43:07.720801 [debug] [MainThread]: On master: COMMIT
[0m09:43:07.721124 [debug] [MainThread]: Opening a new connection, currently in state closed
[0m09:43:07.917698 [debug] [MainThread]: SQL status: COMMIT in 0.196 seconds
[0m09:43:07.918763 [debug] [MainThread]: On master: Close
[0m09:43:07.920034 [debug] [MainThread]: Connection 'master' was properly closed.
[0m09:43:07.920812 [debug] [MainThread]: Connection 'list_nyc_taxi' was properly closed.
[0m09:43:07.921439 [debug] [MainThread]: Connection 'list_nyc_taxi_public_reference' was properly closed.
[0m09:43:07.921937 [debug] [MainThread]: Connection 'list_nyc_taxi_public_intermediate' was properly closed.
[0m09:43:07.922426 [debug] [MainThread]: Connection 'list_nyc_taxi_public_analytics' was properly closed.
[0m09:43:07.922907 [debug] [MainThread]: Connection 'list_nyc_taxi_public_staging' was properly closed.
[0m09:43:07.923729 [debug] [MainThread]: Connection 'model.taxi_analytics.stg_trips' was properly closed.
[0m09:43:07.924753 [info ] [MainThread]: 
[0m09:43:07.925926 [info ] [MainThread]: Finished running 1 view model in 0 hours 0 minutes and 1.15 seconds (1.15s).
[0m09:43:07.928249 [debug] [MainThread]: Command end result
[0m09:43:08.015349 [debug] [MainThread]: Wrote artifact WritableManifest to D:\MEHDI\Study\WISD-EID\projetcs\NYC TaxiFlow\dbt\target\manifest.json
[0m09:43:08.023791 [debug] [MainThread]: Wrote artifact SemanticManifest to D:\MEHDI\Study\WISD-EID\projetcs\NYC TaxiFlow\dbt\target\semantic_manifest.json
[0m09:43:08.033442 [debug] [MainThread]: Wrote artifact OsiDocument to D:\MEHDI\Study\WISD-EID\projetcs\NYC TaxiFlow\dbt\target\osi_document.json
[0m09:43:08.051870 [debug] [MainThread]: Wrote artifact RunExecutionResult to D:\MEHDI\Study\WISD-EID\projetcs\NYC TaxiFlow\dbt\target\run_results.json
[0m09:43:08.052750 [info ] [MainThread]: 
[0m09:43:08.054063 [info ] [MainThread]: [32mCompleted successfully[0m
[0m09:43:08.055556 [info ] [MainThread]: 
[0m09:43:08.057218 [info ] [MainThread]: Done. PASS=1 WARN=0 ERROR=0 SKIP=0 NO-OP=0 REUSED=0 TOTAL=1
[0m09:43:08.058800 [warn ] [MainThread]: [[33mWARNING[0m][DeprecationsSummary]: Deprecated functionality
Summary of encountered deprecations:
- MissingArgumentsPropertyInGenericTestDeprecation: 1 occurrence
To see all deprecation instances instead of just the first occurrence of each,
run command again with the `--show-all-deprecations` flag. You may also need to
run with `--no-partial-parse` as some deprecations are only encountered during
parsing.
[0m09:43:08.061942 [debug] [MainThread]: Command `dbt run` succeeded at 09:43:08.061608 after 4.76 seconds
[0m09:43:08.062866 [debug] [MainThread]: Sending event: {'category': 'dbt', 'action': 'invocation', 'label': 'end', 'context': [<snowplow_tracker.self_describing_json.SelfDescribingJson object at 0x000002480541A850>, <snowplow_tracker.self_describing_json.SelfDescribingJson object at 0x000002480420B770>, <snowplow_tracker.self_describing_json.SelfDescribingJson object at 0x000002480409BED0>]}
[0m09:43:08.063766 [debug] [MainThread]: Flushing usage events
[0m09:43:16.971785 [debug] [MainThread]: An error was encountered while trying to flush usage events
[0m09:52:34.938621 [debug] [MainThread]: Sending event: {'category': 'dbt', 'action': 'invocation', 'label': 'start', 'context': [<snowplow_tracker.self_describing_json.SelfDescribingJson object at 0x000001A8082FB230>, <snowplow_tracker.self_describing_json.SelfDescribingJson object at 0x000001A80A8A7ED0>, <snowplow_tracker.self_describing_json.SelfDescribingJson object at 0x000001A80A8A7C50>]}


============================== 09:52:34.946861 | f5b0ab13-9ad6-4275-9fcc-f61fc23a93a3 ==============================
[0m09:52:34.946861 [info ] [MainThread]: Running with dbt=1.12.5
[0m09:52:34.947548 [debug] [MainThread]: running dbt with arguments {'maximum_seed_size_mib': '1', 'no_print': 'None', 'static_parser': 'True', 'target_path': 'None', 'warn_error_options': 'WarnErrorOptionsV2(error=[], warn=[], silence=[])', 'version_check': 'True', 'printer_width': '80', 'write_json': 'True', 'introspect': 'True', 'log_cache_events': 'False', 'empty': 'False', 'cache_selected_only': 'False', 'log_format': 'default', 'debug': 'False', 'fail_fast': 'False', 'partial_parse': 'True', 'send_anonymous_usage_stats': 'True', 'quiet': 'False', 'warn_error': 'None', 'profiles_dir': 'D:\\MEHDI\\Study\\WISD-EID\\projetcs\\NYC TaxiFlow\\dbt', 'invocation_command': 'dbt run --select stg_trips', 'hints_enabled': 'True', 'use_colors': 'True', 'use_experimental_parser': 'False', 'indirect_selection': 'eager', 'log_path': 'D:\\MEHDI\\Study\\WISD-EID\\projetcs\\NYC TaxiFlow\\dbt\\logs'}
[0m09:52:35.249997 [debug] [MainThread]: Sending event: {'category': 'dbt', 'action': 'project_id', 'label': 'f5b0ab13-9ad6-4275-9fcc-f61fc23a93a3', 'context': [<snowplow_tracker.self_describing_json.SelfDescribingJson object at 0x000001A80882F100>]}
[0m09:52:35.336449 [debug] [MainThread]: Sending event: {'category': 'dbt', 'action': 'adapter_info', 'label': 'f5b0ab13-9ad6-4275-9fcc-f61fc23a93a3', 'context': [<snowplow_tracker.self_describing_json.SelfDescribingJson object at 0x000001A80AA02690>]}
[0m09:52:35.338624 [info ] [MainThread]: Registered adapter: postgres=1.11.0
[0m09:52:35.657176 [debug] [MainThread]: checksum: 9607b53e0bcec4aae7a28a2b598befef7e2640a23c376f5ae19341de1d9729bc, vars: {}, profile: taxi_analytics, target: dev, version: 1.12.5
[0m09:52:35.888735 [debug] [MainThread]: Partial parsing enabled: 0 files deleted, 2 files added, 5 files changed.
[0m09:52:35.890015 [debug] [MainThread]: Partial parsing: added file: taxi_analytics://models\marts\schema.yml
[0m09:52:35.890411 [debug] [MainThread]: Partial parsing: added file: taxi_analytics://models\marts\dim_vendor.sql
[0m09:52:35.890758 [debug] [MainThread]: Partial parsing: updated file: taxi_analytics://models\marts\dim_date.sql
[0m09:52:35.891097 [debug] [MainThread]: Partial parsing: updated file: taxi_analytics://models\marts\dim_payment.sql
[0m09:52:35.891416 [debug] [MainThread]: Partial parsing: updated file: taxi_analytics://models\intermediate\int_trip_enriched.sql
[0m09:52:35.891731 [debug] [MainThread]: Partial parsing: updated file: taxi_analytics://models\marts\dim_zone.sql
[0m09:52:35.892050 [debug] [MainThread]: Partial parsing: updated file: taxi_analytics://models\marts\fact_trips.sql
[0m09:52:36.682769 [warn ] [MainThread]: [[33mWARNING[0m][MissingArgumentsPropertyInGenericTestDeprecation]: Deprecated
functionality
Found top-level arguments to test `relationships` defined on 'fact_trips' in
package 'taxi_analytics' (models\marts\schema.yml). Arguments to generic tests
should be nested under the `arguments` property.
[0m09:52:36.683825 [debug] [MainThread]: Sending event: {'category': 'dbt', 'action': 'deprecation', 'label': 'f5b0ab13-9ad6-4275-9fcc-f61fc23a93a3', 'property_': 'warn', 'context': [<snowplow_tracker.self_describing_json.SelfDescribingJson object at 0x000001A80AF81F50>]}
[0m09:52:36.833832 [debug] [MainThread]: Sending event: {'category': 'dbt', 'action': 'load_project', 'label': 'f5b0ab13-9ad6-4275-9fcc-f61fc23a93a3', 'context': [<snowplow_tracker.self_describing_json.SelfDescribingJson object at 0x000001A80B1B6030>]}
[0m09:52:36.968316 [debug] [MainThread]: Wrote artifact WritableManifest to D:\MEHDI\Study\WISD-EID\projetcs\NYC TaxiFlow\dbt\target\manifest.json
[0m09:52:36.972080 [debug] [MainThread]: Wrote artifact SemanticManifest to D:\MEHDI\Study\WISD-EID\projetcs\NYC TaxiFlow\dbt\target\semantic_manifest.json
[0m09:52:37.004481 [debug] [MainThread]: Wrote artifact OsiDocument to D:\MEHDI\Study\WISD-EID\projetcs\NYC TaxiFlow\dbt\target\osi_document.json
[0m09:52:37.031112 [debug] [MainThread]: Sending event: {'category': 'dbt', 'action': 'resource_counts', 'label': 'f5b0ab13-9ad6-4275-9fcc-f61fc23a93a3', 'context': [<snowplow_tracker.self_describing_json.SelfDescribingJson object at 0x000001A80B496270>]}
[0m09:52:37.031827 [info ] [MainThread]: Found 11 models, 32 data tests, 1 seed, 1 source, 477 macros
[0m09:52:37.032350 [debug] [MainThread]: Sending event: {'category': 'dbt', 'action': 'runnable_timing', 'label': 'f5b0ab13-9ad6-4275-9fcc-f61fc23a93a3', 'context': [<snowplow_tracker.self_describing_json.SelfDescribingJson object at 0x000001A80B618940>]}
[0m09:52:37.034377 [info ] [MainThread]: 
[0m09:52:37.035424 [info ] [MainThread]: Concurrency: 4 threads (target='dev')
[0m09:52:37.035910 [info ] [MainThread]: 
[0m09:52:37.036514 [debug] [MainThread]: Acquiring new postgres connection 'master'
[0m09:52:37.037567 [debug] [ThreadPool]: Acquiring new postgres connection 'list_nyc_taxi'
[0m09:52:37.112476 [debug] [ThreadPool]: Using postgres connection "list_nyc_taxi"
[0m09:52:37.112851 [debug] [ThreadPool]: On list_nyc_taxi: /* {"app": "dbt", "dbt_version": "1.12.5", "profile_name": "taxi_analytics", "target_name": "dev", "connection_name": "list_nyc_taxi"} */

    select distinct nspname from pg_namespace
  
[0m09:52:37.113126 [debug] [ThreadPool]: Opening a new connection, currently in state init
[0m09:52:37.167620 [debug] [ThreadPool]: SQL status: SELECT 7 in 0.054 seconds
[0m09:52:37.168898 [debug] [ThreadPool]: On list_nyc_taxi: Close
[0m09:52:37.175761 [debug] [ThreadPool]: Acquiring new postgres connection 'list_nyc_taxi_public_staging'
[0m09:52:37.181478 [debug] [ThreadPool]: Using postgres connection "list_nyc_taxi_public_staging"
[0m09:52:37.181874 [debug] [ThreadPool]: On list_nyc_taxi_public_staging: /* {"app": "dbt", "dbt_version": "1.12.5", "profile_name": "taxi_analytics", "target_name": "dev", "connection_name": "list_nyc_taxi_public_staging"} */
select
      'nyc_taxi' as database,
      tablename as name,
      schemaname as schema,
      'table' as type
    from pg_tables
    where schemaname ilike 'public_staging'
    union all
    select
      'nyc_taxi' as database,
      viewname as name,
      schemaname as schema,
      'view' as type
    from pg_views
    where schemaname ilike 'public_staging'
    union all
    select
      'nyc_taxi' as database,
      matviewname as name,
      schemaname as schema,
      'materialized_view' as type
    from pg_matviews
    where schemaname ilike 'public_staging'
    union all
    select distinct
     'nyc_taxi' as database,
     proname as name,
     ns.nspname as schema,
     'function' as type
    from pg_proc
     join pg_namespace as ns on pronamespace = ns.oid
    where ns.nspname ilike 'public_staging'
  
[0m09:52:37.182488 [debug] [ThreadPool]: Acquiring new postgres connection 'list_nyc_taxi_public_reference'
[0m09:52:37.182768 [debug] [ThreadPool]: Opening a new connection, currently in state init
[0m09:52:37.184005 [debug] [ThreadPool]: Using postgres connection "list_nyc_taxi_public_reference"
[0m09:52:37.184679 [debug] [ThreadPool]: On list_nyc_taxi_public_reference: /* {"app": "dbt", "dbt_version": "1.12.5", "profile_name": "taxi_analytics", "target_name": "dev", "connection_name": "list_nyc_taxi_public_reference"} */
select
      'nyc_taxi' as database,
      tablename as name,
      schemaname as schema,
      'table' as type
    from pg_tables
    where schemaname ilike 'public_reference'
    union all
    select
      'nyc_taxi' as database,
      viewname as name,
      schemaname as schema,
      'view' as type
    from pg_views
    where schemaname ilike 'public_reference'
    union all
    select
      'nyc_taxi' as database,
      matviewname as name,
      schemaname as schema,
      'materialized_view' as type
    from pg_matviews
    where schemaname ilike 'public_reference'
    union all
    select distinct
     'nyc_taxi' as database,
     proname as name,
     ns.nspname as schema,
     'function' as type
    from pg_proc
     join pg_namespace as ns on pronamespace = ns.oid
    where ns.nspname ilike 'public_reference'
  
[0m09:52:37.185172 [debug] [ThreadPool]: Opening a new connection, currently in state init
[0m09:52:37.185737 [debug] [ThreadPool]: Acquiring new postgres connection 'list_nyc_taxi_public_analytics'
[0m09:52:37.187501 [debug] [ThreadPool]: Using postgres connection "list_nyc_taxi_public_analytics"
[0m09:52:37.188204 [debug] [ThreadPool]: Acquiring new postgres connection 'list_nyc_taxi_public_intermediate'
[0m09:52:37.188591 [debug] [ThreadPool]: On list_nyc_taxi_public_analytics: /* {"app": "dbt", "dbt_version": "1.12.5", "profile_name": "taxi_analytics", "target_name": "dev", "connection_name": "list_nyc_taxi_public_analytics"} */
select
      'nyc_taxi' as database,
      tablename as name,
      schemaname as schema,
      'table' as type
    from pg_tables
    where schemaname ilike 'public_analytics'
    union all
    select
      'nyc_taxi' as database,
      viewname as name,
      schemaname as schema,
      'view' as type
    from pg_views
    where schemaname ilike 'public_analytics'
    union all
    select
      'nyc_taxi' as database,
      matviewname as name,
      schemaname as schema,
      'materialized_view' as type
    from pg_matviews
    where schemaname ilike 'public_analytics'
    union all
    select distinct
     'nyc_taxi' as database,
     proname as name,
     ns.nspname as schema,
     'function' as type
    from pg_proc
     join pg_namespace as ns on pronamespace = ns.oid
    where ns.nspname ilike 'public_analytics'
  
[0m09:52:37.190295 [debug] [ThreadPool]: Using postgres connection "list_nyc_taxi_public_intermediate"
[0m09:52:37.190887 [debug] [ThreadPool]: Opening a new connection, currently in state init
[0m09:52:37.191394 [debug] [ThreadPool]: On list_nyc_taxi_public_intermediate: /* {"app": "dbt", "dbt_version": "1.12.5", "profile_name": "taxi_analytics", "target_name": "dev", "connection_name": "list_nyc_taxi_public_intermediate"} */
select
      'nyc_taxi' as database,
      tablename as name,
      schemaname as schema,
      'table' as type
    from pg_tables
    where schemaname ilike 'public_intermediate'
    union all
    select
      'nyc_taxi' as database,
      viewname as name,
      schemaname as schema,
      'view' as type
    from pg_views
    where schemaname ilike 'public_intermediate'
    union all
    select
      'nyc_taxi' as database,
      matviewname as name,
      schemaname as schema,
      'materialized_view' as type
    from pg_matviews
    where schemaname ilike 'public_intermediate'
    union all
    select distinct
     'nyc_taxi' as database,
     proname as name,
     ns.nspname as schema,
     'function' as type
    from pg_proc
     join pg_namespace as ns on pronamespace = ns.oid
    where ns.nspname ilike 'public_intermediate'
  
[0m09:52:37.192103 [debug] [ThreadPool]: Opening a new connection, currently in state init
[0m09:52:37.255656 [debug] [ThreadPool]: SQL status: SELECT 2 in 0.073 seconds
[0m09:52:37.257837 [debug] [ThreadPool]: On list_nyc_taxi_public_staging: ROLLBACK
[0m09:52:37.258811 [debug] [ThreadPool]: On list_nyc_taxi_public_staging: Close
[0m09:52:37.264526 [debug] [ThreadPool]: SQL status: SELECT 1 in 0.079 seconds
[0m09:52:37.266240 [debug] [ThreadPool]: On list_nyc_taxi_public_reference: ROLLBACK
[0m09:52:37.266934 [debug] [ThreadPool]: On list_nyc_taxi_public_reference: Close
[0m09:52:37.268610 [debug] [ThreadPool]: SQL status: SELECT 0 in 0.078 seconds
[0m09:52:37.270520 [debug] [ThreadPool]: On list_nyc_taxi_public_analytics: ROLLBACK
[0m09:52:37.271536 [debug] [ThreadPool]: On list_nyc_taxi_public_analytics: Close
[0m09:52:37.277675 [debug] [ThreadPool]: SQL status: SELECT 0 in 0.086 seconds
[0m09:52:37.278785 [debug] [ThreadPool]: On list_nyc_taxi_public_intermediate: ROLLBACK
[0m09:52:37.279235 [debug] [ThreadPool]: On list_nyc_taxi_public_intermediate: Close
[0m09:52:37.285643 [debug] [MainThread]: Using postgres connection "master"
[0m09:52:37.286070 [debug] [MainThread]: On master: /* {"app": "dbt", "dbt_version": "1.12.5", "profile_name": "taxi_analytics", "target_name": "dev", "connection_name": "master"} */
select distinct
        dependent_namespace.nspname as dependent_schema,
        dependent_class.relname as dependent_name,
        referenced_namespace.nspname as referenced_schema,
        referenced_class.relname as referenced_name

    -- Query for views: views are entries in pg_class with an entry in pg_rewrite, but we avoid
    -- a seq scan on pg_rewrite by leveraging the fact there is an "internal" row in pg_depend for
    -- the view...
    from pg_class as dependent_class
    join pg_namespace as dependent_namespace on dependent_namespace.oid = dependent_class.relnamespace
    join pg_depend as dependent_depend on dependent_depend.refobjid = dependent_class.oid
        and dependent_depend.classid = 'pg_rewrite'::regclass
        and dependent_depend.refclassid = 'pg_class'::regclass
        and dependent_depend.deptype = 'i'

    -- ... and via pg_depend (that has a row per column, hence the need for "distinct" above, and
    -- making sure to exclude the internal row to avoid a view appearing to depend on itself)...
    join pg_depend as joining_depend on joining_depend.objid = dependent_depend.objid
        and joining_depend.classid = 'pg_rewrite'::regclass
        and joining_depend.refclassid = 'pg_class'::regclass
        and joining_depend.refobjid != dependent_depend.refobjid

    -- ... we can find the tables they query from in pg_class, but excluding system tables. Note we
    -- don't need need to exclude _dependent_ system tables, because they only query from other
    -- system tables, and so are automatically excluded by excluding _referenced_ system tables
    join pg_class as referenced_class on referenced_class.oid = joining_depend.refobjid
    join pg_namespace as referenced_namespace on referenced_namespace.oid = referenced_class.relnamespace
        and referenced_namespace.nspname != 'information_schema'
        and referenced_namespace.nspname not like 'pg\_%'

    order by
        dependent_schema, dependent_name, referenced_schema, referenced_name;
[0m09:52:37.286406 [debug] [MainThread]: Opening a new connection, currently in state init
[0m09:52:37.338264 [debug] [MainThread]: SQL status: SELECT 2 in 0.052 seconds
[0m09:52:37.339720 [debug] [MainThread]: Sending event: {'category': 'dbt', 'action': 'runnable_timing', 'label': 'f5b0ab13-9ad6-4275-9fcc-f61fc23a93a3', 'context': [<snowplow_tracker.self_describing_json.SelfDescribingJson object at 0x000001A80B50EC90>]}
[0m09:52:37.340127 [debug] [MainThread]: On master: ROLLBACK
[0m09:52:37.340678 [debug] [MainThread]: On master: COMMIT
[0m09:52:37.340955 [debug] [MainThread]: Using postgres connection "master"
[0m09:52:37.341195 [debug] [MainThread]: On master: COMMIT
[0m09:52:37.341635 [debug] [MainThread]: SQL status: COMMIT in 0.000 seconds
[0m09:52:37.341895 [debug] [MainThread]: On master: Close
[0m09:52:37.348566 [debug] [Thread-1 (]: Began running node model.taxi_analytics.stg_trips
[0m09:52:37.349085 [info ] [Thread-1 (]: 1 of 1 START sql view model public_staging.stg_trips ........................... [RUN]
[0m09:52:37.350057 [debug] [Thread-1 (]: Acquiring new postgres connection 'model.taxi_analytics.stg_trips'
[0m09:52:37.350517 [debug] [Thread-1 (]: Began compiling node model.taxi_analytics.stg_trips
[0m09:52:37.356874 [debug] [Thread-1 (]: Writing injected SQL for node "model.taxi_analytics.stg_trips"
[0m09:52:37.357880 [debug] [Thread-1 (]: Began executing node model.taxi_analytics.stg_trips
[0m09:52:37.392690 [debug] [Thread-1 (]: Writing runtime sql for node "model.taxi_analytics.stg_trips"
[0m09:52:37.394453 [debug] [Thread-1 (]: Using postgres connection "model.taxi_analytics.stg_trips"
[0m09:52:37.395156 [debug] [Thread-1 (]: On model.taxi_analytics.stg_trips: /* {"app": "dbt", "dbt_version": "1.12.5", "profile_name": "taxi_analytics", "target_name": "dev", "node_id": "model.taxi_analytics.stg_trips"} */

  create view "nyc_taxi"."public_staging"."stg_trips__dbt_tmp"
    
    
  as (
    -- dbt/taxi_analytics/models/staging/stg_trips.sql
--
-- Staging layer: light renaming/casting only, no business logic.
-- Source: staging.stg_taxi_trips (loaded by src/warehouse/load.py).
--
-- IMPORTANT DESIGN NOTE: the raw TLC data has NO natural trip
-- identifier -- there's no trip_id column in the source at all. Since
-- the project's documented grain is "one row = one taxi trip", we
-- need *some* stable identifier for tests (unique, not_null) and for
-- joins downstream. We synthesize one as a hash of fields that,
-- together, should uniquely identify a real trip.
--
-- CONFIRMED IN PRACTICE: an earlier version of this key (vendor +
-- pickup/dropoff timestamps + both locations only) produced 11 hash
-- collisions out of 3.8M rows. Inspecting those collisions showed
-- genuinely DIFFERENT trips -- same vendor, same pickup/dropoff
-- second, same pickup/dropoff zone, but different fare_amount and
-- trip_distance (e.g. two cars from the same vendor completing
-- different trips that happen to start/end at the same intersection
-- in the same second). This is not a data quality defect in the
-- source; it's a limitation of the original key's granularity. Adding
-- fare_amount and trip_distance -- which were confirmed to differ in
-- every observed collision -- resolves it.
--
-- One remaining collision after that fix involved a trip with
-- trip_duration_minutes = 0 (pickup and dropoff at the identical
-- second) where only payment_type and tip_amount differed (0 tip on
-- a Cash row vs a tip on a Credit card row for otherwise identical
-- fare/distance) -- consistent with TLC's own documented caveat that
-- tips are only captured for credit card payments. This looks like the
-- same physical trip re-submitted under two payment records, a known
-- category of TLC data artifact, rather than a random hash collision.
-- Adding payment_type resolves it while keeping both rows (no silent
-- deletion, consistent with this project's data quality philosophy).
-- Zero-duration trips like this one are a good candidate for a future
-- "suspicious" flag, tracked as a follow-up rather than solved here.
--
-- This remains a probabilistic guarantee, not a mathematical one: two
-- trips identical across ALL of these fields would still collide, but
-- at that point they'd be indistinguishable by any field this dataset
-- provides, which is a reasonable place to stop.
WITH
    source AS (
        SELECT
            *
        FROM
            "nyc_taxi"."staging"."stg_taxi_trips"
    )
SELECT
    md5(
        concat_ws(
            '|',
            "VendorID"::text,
            tpep_pickup_datetime::text,
            tpep_dropoff_datetime::text,
            "PULocationID"::text,
            "DOLocationID"::text,
            fare_amount::text,
            trip_distance::text,
            payment_type::text
        )
    ) AS trip_id,
    "VendorID" AS vendor_id,
    tpep_pickup_datetime AS pickup_datetime,
    tpep_dropoff_datetime AS dropoff_datetime,
    "PULocationID" AS pickup_location_id,
    "DOLocationID" AS dropoff_location_id,
    "RatecodeID" AS ratecode_id,
    payment_type,
    passenger_count,
    trip_distance,
    trip_duration_minutes,
    fare_amount,
    extra,
    mta_tax,
    tip_amount,
    tolls_amount,
    improvement_surcharge,
    congestion_surcharge,
    airport_fee,
    cbd_congestion_fee,
    total_amount,
    pickup_date,
    pickup_hour,
    pickup_weekday,
    pickup_month,
    is_suspicious,
    batch_year,
    batch_month
FROM
    source
  );
[0m09:52:37.395759 [debug] [Thread-1 (]: Opening a new connection, currently in state init
[0m09:52:37.538887 [debug] [Thread-1 (]: SQL status: CREATE VIEW in 0.143 seconds
[0m09:52:37.544532 [debug] [Thread-1 (]: Using postgres connection "model.taxi_analytics.stg_trips"
[0m09:52:37.544928 [debug] [Thread-1 (]: On model.taxi_analytics.stg_trips: /* {"app": "dbt", "dbt_version": "1.12.5", "profile_name": "taxi_analytics", "target_name": "dev", "node_id": "model.taxi_analytics.stg_trips"} */
alter table "nyc_taxi"."public_staging"."stg_trips" rename to "stg_trips__dbt_backup"
[0m09:52:37.545833 [debug] [Thread-1 (]: SQL status: ALTER TABLE in 0.001 seconds
[0m09:52:37.548223 [debug] [Thread-1 (]: Using postgres connection "model.taxi_analytics.stg_trips"
[0m09:52:37.548579 [debug] [Thread-1 (]: On model.taxi_analytics.stg_trips: /* {"app": "dbt", "dbt_version": "1.12.5", "profile_name": "taxi_analytics", "target_name": "dev", "node_id": "model.taxi_analytics.stg_trips"} */
alter table "nyc_taxi"."public_staging"."stg_trips__dbt_tmp" rename to "stg_trips"
[0m09:52:37.549387 [debug] [Thread-1 (]: SQL status: ALTER TABLE in 0.000 seconds
[0m09:52:37.566814 [debug] [Thread-1 (]: On model.taxi_analytics.stg_trips: COMMIT
[0m09:52:37.567250 [debug] [Thread-1 (]: Using postgres connection "model.taxi_analytics.stg_trips"
[0m09:52:37.567573 [debug] [Thread-1 (]: On model.taxi_analytics.stg_trips: COMMIT
[0m09:52:37.569940 [debug] [Thread-1 (]: SQL status: COMMIT in 0.002 seconds
[0m09:52:37.575478 [debug] [Thread-1 (]: Applying DROP to: "nyc_taxi"."public_staging"."stg_trips__dbt_backup"
[0m09:52:37.580127 [debug] [Thread-1 (]: Using postgres connection "model.taxi_analytics.stg_trips"
[0m09:52:37.580499 [debug] [Thread-1 (]: On model.taxi_analytics.stg_trips: /* {"app": "dbt", "dbt_version": "1.12.5", "profile_name": "taxi_analytics", "target_name": "dev", "node_id": "model.taxi_analytics.stg_trips"} */
drop view if exists "nyc_taxi"."public_staging"."stg_trips__dbt_backup" cascade
[0m09:52:37.583842 [debug] [Thread-1 (]: SQL status: DROP VIEW in 0.003 seconds
[0m09:52:37.586252 [debug] [Thread-1 (]: On model.taxi_analytics.stg_trips: Close
[0m09:52:37.589164 [debug] [Thread-1 (]: Sending event: {'category': 'dbt', 'action': 'run_model', 'label': 'f5b0ab13-9ad6-4275-9fcc-f61fc23a93a3', 'context': [<snowplow_tracker.self_describing_json.SelfDescribingJson object at 0x000001A80C8A01B0>]}
[0m09:52:37.590050 [info ] [Thread-1 (]: 1 of 1 OK created sql view model public_staging.stg_trips ...................... [[32mCREATE VIEW[0m in 0.24s]
[0m09:52:37.591283 [debug] [Thread-1 (]: Finished running node model.taxi_analytics.stg_trips
[0m09:52:37.593289 [debug] [MainThread]: On master: COMMIT
[0m09:52:37.594026 [debug] [MainThread]: Using postgres connection "master"
[0m09:52:37.594335 [debug] [MainThread]: On master: COMMIT
[0m09:52:37.594687 [debug] [MainThread]: Opening a new connection, currently in state closed
[0m09:52:37.640038 [debug] [MainThread]: SQL status: COMMIT in 0.045 seconds
[0m09:52:37.640443 [debug] [MainThread]: On master: Close
[0m09:52:37.640923 [debug] [MainThread]: Connection 'master' was properly closed.
[0m09:52:37.641257 [debug] [MainThread]: Connection 'list_nyc_taxi' was properly closed.
[0m09:52:37.641667 [debug] [MainThread]: Connection 'list_nyc_taxi_public_staging' was properly closed.
[0m09:52:37.642055 [debug] [MainThread]: Connection 'list_nyc_taxi_public_reference' was properly closed.
[0m09:52:37.642321 [debug] [MainThread]: Connection 'list_nyc_taxi_public_analytics' was properly closed.
[0m09:52:37.642571 [debug] [MainThread]: Connection 'list_nyc_taxi_public_intermediate' was properly closed.
[0m09:52:37.642821 [debug] [MainThread]: Connection 'model.taxi_analytics.stg_trips' was properly closed.
[0m09:52:37.643241 [info ] [MainThread]: 
[0m09:52:37.643743 [info ] [MainThread]: Finished running 1 view model in 0 hours 0 minutes and 0.61 seconds (0.61s).
[0m09:52:37.644676 [debug] [MainThread]: Command end result
[0m09:52:37.684219 [debug] [MainThread]: Wrote artifact WritableManifest to D:\MEHDI\Study\WISD-EID\projetcs\NYC TaxiFlow\dbt\target\manifest.json
[0m09:52:37.687914 [debug] [MainThread]: Wrote artifact SemanticManifest to D:\MEHDI\Study\WISD-EID\projetcs\NYC TaxiFlow\dbt\target\semantic_manifest.json
[0m09:52:37.691751 [debug] [MainThread]: Wrote artifact OsiDocument to D:\MEHDI\Study\WISD-EID\projetcs\NYC TaxiFlow\dbt\target\osi_document.json
[0m09:52:37.699275 [debug] [MainThread]: Wrote artifact RunExecutionResult to D:\MEHDI\Study\WISD-EID\projetcs\NYC TaxiFlow\dbt\target\run_results.json
[0m09:52:37.700143 [info ] [MainThread]: 
[0m09:52:37.700848 [info ] [MainThread]: [32mCompleted successfully[0m
[0m09:52:37.701669 [info ] [MainThread]: 
[0m09:52:37.702214 [info ] [MainThread]: Done. PASS=1 WARN=0 ERROR=0 SKIP=0 NO-OP=0 REUSED=0 TOTAL=1
[0m09:52:37.702947 [warn ] [MainThread]: [[33mWARNING[0m][DeprecationsSummary]: Deprecated functionality
Summary of encountered deprecations:
- MissingArgumentsPropertyInGenericTestDeprecation: 5 occurrences
To see all deprecation instances instead of just the first occurrence of each,
run command again with the `--show-all-deprecations` flag. You may also need to
run with `--no-partial-parse` as some deprecations are only encountered during
parsing.
[0m09:52:37.704435 [debug] [MainThread]: Command `dbt run` succeeded at 09:52:37.704290 after 2.97 seconds
[0m09:52:37.704804 [debug] [MainThread]: Sending event: {'category': 'dbt', 'action': 'invocation', 'label': 'end', 'context': [<snowplow_tracker.self_describing_json.SelfDescribingJson object at 0x000001A80C8936B0>, <snowplow_tracker.self_describing_json.SelfDescribingJson object at 0x000001A80B5B7770>, <snowplow_tracker.self_describing_json.SelfDescribingJson object at 0x000001A80B582350>]}
[0m09:52:37.705130 [debug] [MainThread]: Flushing usage events
[0m09:52:38.703011 [debug] [MainThread]: An error was encountered while trying to flush usage events
[0m09:52:45.219324 [debug] [MainThread]: Sending event: {'category': 'dbt', 'action': 'invocation', 'label': 'start', 'context': [<snowplow_tracker.self_describing_json.SelfDescribingJson object at 0x00000256227A7230>, <snowplow_tracker.self_describing_json.SelfDescribingJson object at 0x0000025624D5BED0>, <snowplow_tracker.self_describing_json.SelfDescribingJson object at 0x0000025624D5BC50>]}


============================== 09:52:45.227392 | c8f444cb-24a8-4a14-a6ba-f5916a43a366 ==============================
[0m09:52:45.227392 [info ] [MainThread]: Running with dbt=1.12.5
[0m09:52:45.228890 [debug] [MainThread]: running dbt with arguments {'maximum_seed_size_mib': '1', 'no_print': 'None', 'static_parser': 'True', 'target_path': 'None', 'warn_error_options': 'WarnErrorOptionsV2(error=[], warn=[], silence=[])', 'version_check': 'True', 'printer_width': '80', 'write_json': 'True', 'introspect': 'True', 'log_cache_events': 'False', 'empty': 'False', 'cache_selected_only': 'False', 'fail_fast': 'False', 'debug': 'False', 'log_format': 'default', 'partial_parse': 'True', 'send_anonymous_usage_stats': 'True', 'quiet': 'False', 'warn_error': 'None', 'profiles_dir': 'D:\\MEHDI\\Study\\WISD-EID\\projetcs\\NYC TaxiFlow\\dbt', 'invocation_command': 'dbt run', 'hints_enabled': 'True', 'use_colors': 'True', 'use_experimental_parser': 'False', 'indirect_selection': 'eager', 'log_path': 'D:\\MEHDI\\Study\\WISD-EID\\projetcs\\NYC TaxiFlow\\dbt\\logs'}
[0m09:52:45.508599 [debug] [MainThread]: Sending event: {'category': 'dbt', 'action': 'project_id', 'label': 'c8f444cb-24a8-4a14-a6ba-f5916a43a366', 'context': [<snowplow_tracker.self_describing_json.SelfDescribingJson object at 0x0000025622CDF100>]}
[0m09:52:45.595317 [debug] [MainThread]: Sending event: {'category': 'dbt', 'action': 'adapter_info', 'label': 'c8f444cb-24a8-4a14-a6ba-f5916a43a366', 'context': [<snowplow_tracker.self_describing_json.SelfDescribingJson object at 0x0000025624EB6690>]}
[0m09:52:45.597083 [info ] [MainThread]: Registered adapter: postgres=1.11.0
[0m09:52:45.881734 [debug] [MainThread]: checksum: 9607b53e0bcec4aae7a28a2b598befef7e2640a23c376f5ae19341de1d9729bc, vars: {}, profile: taxi_analytics, target: dev, version: 1.12.5
[0m09:52:46.086154 [debug] [MainThread]: Partial parsing enabled: 0 files deleted, 0 files added, 0 files changed.
[0m09:52:46.086625 [debug] [MainThread]: Nothing changed, skipping partial parsing.
[0m09:52:46.086888 [debug] [MainThread]: Partial parsing enabled, no changes found, skipping parsing
[0m09:52:46.095868 [debug] [MainThread]: Sending event: {'category': 'dbt', 'action': 'load_project', 'label': 'c8f444cb-24a8-4a14-a6ba-f5916a43a366', 'context': [<snowplow_tracker.self_describing_json.SelfDescribingJson object at 0x00000256253F7D50>]}
[0m09:52:46.362887 [debug] [MainThread]: Wrote artifact WritableManifest to D:\MEHDI\Study\WISD-EID\projetcs\NYC TaxiFlow\dbt\target\manifest.json
[0m09:52:46.366614 [debug] [MainThread]: Wrote artifact SemanticManifest to D:\MEHDI\Study\WISD-EID\projetcs\NYC TaxiFlow\dbt\target\semantic_manifest.json
[0m09:52:46.402805 [debug] [MainThread]: Wrote artifact OsiDocument to D:\MEHDI\Study\WISD-EID\projetcs\NYC TaxiFlow\dbt\target\osi_document.json
[0m09:52:46.430269 [debug] [MainThread]: Sending event: {'category': 'dbt', 'action': 'resource_counts', 'label': 'c8f444cb-24a8-4a14-a6ba-f5916a43a366', 'context': [<snowplow_tracker.self_describing_json.SelfDescribingJson object at 0x00000256255ECB90>]}
[0m09:52:46.430879 [info ] [MainThread]: Found 11 models, 32 data tests, 1 seed, 1 source, 477 macros
[0m09:52:46.431381 [debug] [MainThread]: Sending event: {'category': 'dbt', 'action': 'runnable_timing', 'label': 'c8f444cb-24a8-4a14-a6ba-f5916a43a366', 'context': [<snowplow_tracker.self_describing_json.SelfDescribingJson object at 0x000002562500A0B0>]}
[0m09:52:46.434661 [info ] [MainThread]: 
[0m09:52:46.435404 [info ] [MainThread]: Concurrency: 4 threads (target='dev')
[0m09:52:46.435834 [info ] [MainThread]: 
[0m09:52:46.436457 [debug] [MainThread]: Acquiring new postgres connection 'master'
[0m09:52:46.441009 [debug] [ThreadPool]: Acquiring new postgres connection 'list_nyc_taxi'
[0m09:52:46.452162 [debug] [ThreadPool]: Acquiring new postgres connection 'list_nyc_taxi'
[0m09:52:46.456114 [debug] [ThreadPool]: Acquiring new postgres connection 'list_nyc_taxi'
[0m09:52:46.520575 [debug] [ThreadPool]: Using postgres connection "list_nyc_taxi"
[0m09:52:46.520969 [debug] [ThreadPool]: On list_nyc_taxi: /* {"app": "dbt", "dbt_version": "1.12.5", "profile_name": "taxi_analytics", "target_name": "dev", "connection_name": "list_nyc_taxi"} */

    select distinct nspname from pg_namespace
  
[0m09:52:46.521273 [debug] [ThreadPool]: Opening a new connection, currently in state init
[0m09:52:46.521840 [debug] [ThreadPool]: Using postgres connection "list_nyc_taxi"
[0m09:52:46.522308 [debug] [ThreadPool]: Using postgres connection "list_nyc_taxi"
[0m09:52:46.522706 [debug] [ThreadPool]: On list_nyc_taxi: /* {"app": "dbt", "dbt_version": "1.12.5", "profile_name": "taxi_analytics", "target_name": "dev", "connection_name": "list_nyc_taxi"} */

    select distinct nspname from pg_namespace
  
[0m09:52:46.523293 [debug] [ThreadPool]: On list_nyc_taxi: /* {"app": "dbt", "dbt_version": "1.12.5", "profile_name": "taxi_analytics", "target_name": "dev", "connection_name": "list_nyc_taxi"} */

    select distinct nspname from pg_namespace
  
[0m09:52:46.523822 [debug] [ThreadPool]: Opening a new connection, currently in state init
[0m09:52:46.524201 [debug] [ThreadPool]: Opening a new connection, currently in state init
[0m09:52:46.586086 [debug] [ThreadPool]: SQL status: SELECT 7 in 0.065 seconds
[0m09:52:46.587806 [debug] [ThreadPool]: On list_nyc_taxi: Close
[0m09:52:46.588684 [debug] [ThreadPool]: SQL status: SELECT 7 in 0.064 seconds
[0m09:52:46.590280 [debug] [ThreadPool]: On list_nyc_taxi: Close
[0m09:52:46.592988 [debug] [ThreadPool]: SQL status: SELECT 7 in 0.069 seconds
[0m09:52:46.594260 [debug] [ThreadPool]: On list_nyc_taxi: Close
[0m09:52:46.595330 [debug] [ThreadPool]: Re-using an available connection from the pool (formerly list_nyc_taxi, now create_nyc_taxi_public_intermediate)
[0m09:52:46.596087 [debug] [ThreadPool]: Re-using an available connection from the pool (formerly list_nyc_taxi, now create_nyc_taxi_public_analytics)
[0m09:52:46.597199 [debug] [ThreadPool]: Creating schema "database: "nyc_taxi"
schema: "public_intermediate"
"
[0m09:52:46.598050 [debug] [ThreadPool]: Creating schema "database: "nyc_taxi"
schema: "public_analytics"
"
[0m09:52:46.602635 [debug] [ThreadPool]: Using postgres connection "create_nyc_taxi_public_intermediate"
[0m09:52:46.603849 [debug] [ThreadPool]: Using postgres connection "create_nyc_taxi_public_analytics"
[0m09:52:46.604250 [debug] [ThreadPool]: On create_nyc_taxi_public_intermediate: /* {"app": "dbt", "dbt_version": "1.12.5", "profile_name": "taxi_analytics", "target_name": "dev", "connection_name": "create_nyc_taxi_public_intermediate"} */
create schema if not exists "public_intermediate"
[0m09:52:46.604578 [debug] [ThreadPool]: On create_nyc_taxi_public_analytics: /* {"app": "dbt", "dbt_version": "1.12.5", "profile_name": "taxi_analytics", "target_name": "dev", "connection_name": "create_nyc_taxi_public_analytics"} */
create schema if not exists "public_analytics"
[0m09:52:46.604859 [debug] [ThreadPool]: Opening a new connection, currently in state closed
[0m09:52:46.605164 [debug] [ThreadPool]: Opening a new connection, currently in state closed
[0m09:52:46.696250 [debug] [ThreadPool]: SQL status: CREATE SCHEMA in 0.091 seconds
[0m09:52:46.696827 [debug] [ThreadPool]: SQL status: CREATE SCHEMA in 0.092 seconds
[0m09:52:46.697777 [debug] [ThreadPool]: On create_nyc_taxi_public_analytics: COMMIT
[0m09:52:46.698601 [debug] [ThreadPool]: On create_nyc_taxi_public_intermediate: COMMIT
[0m09:52:46.699016 [debug] [ThreadPool]: Using postgres connection "create_nyc_taxi_public_analytics"
[0m09:52:46.699401 [debug] [ThreadPool]: Using postgres connection "create_nyc_taxi_public_intermediate"
[0m09:52:46.699705 [debug] [ThreadPool]: On create_nyc_taxi_public_analytics: COMMIT
[0m09:52:46.700031 [debug] [ThreadPool]: On create_nyc_taxi_public_intermediate: COMMIT
[0m09:52:46.702248 [debug] [ThreadPool]: SQL status: COMMIT in 0.002 seconds
[0m09:52:46.702644 [debug] [ThreadPool]: On create_nyc_taxi_public_analytics: Close
[0m09:52:46.703679 [debug] [ThreadPool]: SQL status: COMMIT in 0.003 seconds
[0m09:52:46.704173 [debug] [ThreadPool]: On create_nyc_taxi_public_intermediate: Close
[0m09:52:46.707571 [debug] [ThreadPool]: Acquiring new postgres connection 'list_nyc_taxi_public_staging'
[0m09:52:46.713100 [debug] [ThreadPool]: Using postgres connection "list_nyc_taxi_public_staging"
[0m09:52:46.713485 [debug] [ThreadPool]: On list_nyc_taxi_public_staging: /* {"app": "dbt", "dbt_version": "1.12.5", "profile_name": "taxi_analytics", "target_name": "dev", "connection_name": "list_nyc_taxi_public_staging"} */
select
      'nyc_taxi' as database,
      tablename as name,
      schemaname as schema,
      'table' as type
    from pg_tables
    where schemaname ilike 'public_staging'
    union all
    select
      'nyc_taxi' as database,
      viewname as name,
      schemaname as schema,
      'view' as type
    from pg_views
    where schemaname ilike 'public_staging'
    union all
    select
      'nyc_taxi' as database,
      matviewname as name,
      schemaname as schema,
      'materialized_view' as type
    from pg_matviews
    where schemaname ilike 'public_staging'
    union all
    select distinct
     'nyc_taxi' as database,
     proname as name,
     ns.nspname as schema,
     'function' as type
    from pg_proc
     join pg_namespace as ns on pronamespace = ns.oid
    where ns.nspname ilike 'public_staging'
  
[0m09:52:46.713777 [debug] [ThreadPool]: Opening a new connection, currently in state init
[0m09:52:46.714886 [debug] [ThreadPool]: Acquiring new postgres connection 'list_nyc_taxi_public_intermediate'
[0m09:52:46.716358 [debug] [ThreadPool]: Using postgres connection "list_nyc_taxi_public_intermediate"
[0m09:52:46.717070 [debug] [ThreadPool]: On list_nyc_taxi_public_intermediate: /* {"app": "dbt", "dbt_version": "1.12.5", "profile_name": "taxi_analytics", "target_name": "dev", "connection_name": "list_nyc_taxi_public_intermediate"} */
select
      'nyc_taxi' as database,
      tablename as name,
      schemaname as schema,
      'table' as type
    from pg_tables
    where schemaname ilike 'public_intermediate'
    union all
    select
      'nyc_taxi' as database,
      viewname as name,
      schemaname as schema,
      'view' as type
    from pg_views
    where schemaname ilike 'public_intermediate'
    union all
    select
      'nyc_taxi' as database,
      matviewname as name,
      schemaname as schema,
      'materialized_view' as type
    from pg_matviews
    where schemaname ilike 'public_intermediate'
    union all
    select distinct
     'nyc_taxi' as database,
     proname as name,
     ns.nspname as schema,
     'function' as type
    from pg_proc
     join pg_namespace as ns on pronamespace = ns.oid
    where ns.nspname ilike 'public_intermediate'
  
[0m09:52:46.717892 [debug] [ThreadPool]: Acquiring new postgres connection 'list_nyc_taxi_public_analytics'
[0m09:52:46.718500 [debug] [ThreadPool]: Opening a new connection, currently in state init
[0m09:52:46.719484 [debug] [ThreadPool]: Acquiring new postgres connection 'list_nyc_taxi_public_reference'
[0m09:52:46.721559 [debug] [ThreadPool]: Using postgres connection "list_nyc_taxi_public_analytics"
[0m09:52:46.724218 [debug] [ThreadPool]: Using postgres connection "list_nyc_taxi_public_reference"
[0m09:52:46.724991 [debug] [ThreadPool]: On list_nyc_taxi_public_analytics: /* {"app": "dbt", "dbt_version": "1.12.5", "profile_name": "taxi_analytics", "target_name": "dev", "connection_name": "list_nyc_taxi_public_analytics"} */
select
      'nyc_taxi' as database,
      tablename as name,
      schemaname as schema,
      'table' as type
    from pg_tables
    where schemaname ilike 'public_analytics'
    union all
    select
      'nyc_taxi' as database,
      viewname as name,
      schemaname as schema,
      'view' as type
    from pg_views
    where schemaname ilike 'public_analytics'
    union all
    select
      'nyc_taxi' as database,
      matviewname as name,
      schemaname as schema,
      'materialized_view' as type
    from pg_matviews
    where schemaname ilike 'public_analytics'
    union all
    select distinct
     'nyc_taxi' as database,
     proname as name,
     ns.nspname as schema,
     'function' as type
    from pg_proc
     join pg_namespace as ns on pronamespace = ns.oid
    where ns.nspname ilike 'public_analytics'
  
[0m09:52:46.725756 [debug] [ThreadPool]: On list_nyc_taxi_public_reference: /* {"app": "dbt", "dbt_version": "1.12.5", "profile_name": "taxi_analytics", "target_name": "dev", "connection_name": "list_nyc_taxi_public_reference"} */
select
      'nyc_taxi' as database,
      tablename as name,
      schemaname as schema,
      'table' as type
    from pg_tables
    where schemaname ilike 'public_reference'
    union all
    select
      'nyc_taxi' as database,
      viewname as name,
      schemaname as schema,
      'view' as type
    from pg_views
    where schemaname ilike 'public_reference'
    union all
    select
      'nyc_taxi' as database,
      matviewname as name,
      schemaname as schema,
      'materialized_view' as type
    from pg_matviews
    where schemaname ilike 'public_reference'
    union all
    select distinct
     'nyc_taxi' as database,
     proname as name,
     ns.nspname as schema,
     'function' as type
    from pg_proc
     join pg_namespace as ns on pronamespace = ns.oid
    where ns.nspname ilike 'public_reference'
  
[0m09:52:46.726638 [debug] [ThreadPool]: Opening a new connection, currently in state init
[0m09:52:46.727057 [debug] [ThreadPool]: Opening a new connection, currently in state init
[0m09:52:46.789698 [debug] [ThreadPool]: SQL status: SELECT 0 in 0.071 seconds
[0m09:52:46.791166 [debug] [ThreadPool]: On list_nyc_taxi_public_intermediate: ROLLBACK
[0m09:52:46.791877 [debug] [ThreadPool]: On list_nyc_taxi_public_intermediate: Close
[0m09:52:46.800090 [debug] [ThreadPool]: SQL status: SELECT 0 in 0.073 seconds
[0m09:52:46.801317 [debug] [ThreadPool]: SQL status: SELECT 1 in 0.074 seconds
[0m09:52:46.801982 [debug] [ThreadPool]: On list_nyc_taxi_public_analytics: ROLLBACK
[0m09:52:46.803000 [debug] [ThreadPool]: On list_nyc_taxi_public_reference: ROLLBACK
[0m09:52:46.803858 [debug] [ThreadPool]: On list_nyc_taxi_public_analytics: Close
[0m09:52:46.804239 [debug] [ThreadPool]: On list_nyc_taxi_public_reference: Close
[0m09:52:46.886998 [debug] [ThreadPool]: SQL status: SELECT 2 in 0.173 seconds
[0m09:52:46.888231 [debug] [ThreadPool]: On list_nyc_taxi_public_staging: ROLLBACK
[0m09:52:46.888912 [debug] [ThreadPool]: On list_nyc_taxi_public_staging: Close
[0m09:52:46.895986 [debug] [MainThread]: Using postgres connection "master"
[0m09:52:46.896456 [debug] [MainThread]: On master: /* {"app": "dbt", "dbt_version": "1.12.5", "profile_name": "taxi_analytics", "target_name": "dev", "connection_name": "master"} */
select distinct
        dependent_namespace.nspname as dependent_schema,
        dependent_class.relname as dependent_name,
        referenced_namespace.nspname as referenced_schema,
        referenced_class.relname as referenced_name

    -- Query for views: views are entries in pg_class with an entry in pg_rewrite, but we avoid
    -- a seq scan on pg_rewrite by leveraging the fact there is an "internal" row in pg_depend for
    -- the view...
    from pg_class as dependent_class
    join pg_namespace as dependent_namespace on dependent_namespace.oid = dependent_class.relnamespace
    join pg_depend as dependent_depend on dependent_depend.refobjid = dependent_class.oid
        and dependent_depend.classid = 'pg_rewrite'::regclass
        and dependent_depend.refclassid = 'pg_class'::regclass
        and dependent_depend.deptype = 'i'

    -- ... and via pg_depend (that has a row per column, hence the need for "distinct" above, and
    -- making sure to exclude the internal row to avoid a view appearing to depend on itself)...
    join pg_depend as joining_depend on joining_depend.objid = dependent_depend.objid
        and joining_depend.classid = 'pg_rewrite'::regclass
        and joining_depend.refclassid = 'pg_class'::regclass
        and joining_depend.refobjid != dependent_depend.refobjid

    -- ... we can find the tables they query from in pg_class, but excluding system tables. Note we
    -- don't need need to exclude _dependent_ system tables, because they only query from other
    -- system tables, and so are automatically excluded by excluding _referenced_ system tables
    join pg_class as referenced_class on referenced_class.oid = joining_depend.refobjid
    join pg_namespace as referenced_namespace on referenced_namespace.oid = referenced_class.relnamespace
        and referenced_namespace.nspname != 'information_schema'
        and referenced_namespace.nspname not like 'pg\_%'

    order by
        dependent_schema, dependent_name, referenced_schema, referenced_name;
[0m09:52:46.896853 [debug] [MainThread]: Opening a new connection, currently in state init
[0m09:52:46.957159 [debug] [MainThread]: SQL status: SELECT 2 in 0.060 seconds
[0m09:52:46.959023 [debug] [MainThread]: Sending event: {'category': 'dbt', 'action': 'runnable_timing', 'label': 'c8f444cb-24a8-4a14-a6ba-f5916a43a366', 'context': [<snowplow_tracker.self_describing_json.SelfDescribingJson object at 0x000002562574A680>]}
[0m09:52:46.959555 [debug] [MainThread]: On master: ROLLBACK
[0m09:52:46.960260 [debug] [MainThread]: On master: COMMIT
[0m09:52:46.960832 [debug] [MainThread]: Using postgres connection "master"
[0m09:52:46.961086 [debug] [MainThread]: On master: COMMIT
[0m09:52:46.962010 [debug] [MainThread]: SQL status: COMMIT in 0.001 seconds
[0m09:52:46.962409 [debug] [MainThread]: On master: Close
[0m09:52:46.970822 [debug] [Thread-4 (]: Began running node model.taxi_analytics.stg_zones
[0m09:52:46.971416 [debug] [Thread-2 (]: Began running node model.taxi_analytics.dim_vendor
[0m09:52:46.971972 [debug] [Thread-3 (]: Began running node model.taxi_analytics.stg_trips
[0m09:52:46.973338 [debug] [Thread-1 (]: Began running node model.taxi_analytics.dim_payment
[0m09:52:46.972700 [info ] [Thread-4 (]: 4 of 8 START sql view model public_staging.stg_zones ........................... [RUN]
[0m09:52:46.974421 [info ] [Thread-2 (]: 2 of 8 START sql table model public_analytics.dim_vendor ....................... [RUN]
[0m09:52:46.978067 [debug] [Thread-4 (]: Acquiring new postgres connection 'model.taxi_analytics.stg_zones'
[0m09:52:46.975153 [info ] [Thread-3 (]: 3 of 8 START sql view model public_staging.stg_trips ........................... [RUN]
[0m09:52:46.978821 [debug] [Thread-2 (]: Acquiring new postgres connection 'model.taxi_analytics.dim_vendor'
[0m09:52:46.979254 [debug] [Thread-4 (]: Began compiling node model.taxi_analytics.stg_zones
[0m09:52:46.979767 [debug] [Thread-3 (]: Acquiring new postgres connection 'model.taxi_analytics.stg_trips'
[0m09:52:46.980152 [debug] [Thread-2 (]: Began compiling node model.taxi_analytics.dim_vendor
[0m09:52:46.986434 [debug] [Thread-4 (]: Writing injected SQL for node "model.taxi_analytics.stg_zones"
[0m09:52:46.976666 [info ] [Thread-1 (]: 1 of 8 START sql table model public_analytics.dim_payment ...................... [RUN]
[0m09:52:46.987366 [debug] [Thread-3 (]: Began compiling node model.taxi_analytics.stg_trips
[0m09:52:46.988944 [debug] [Thread-2 (]: Writing injected SQL for node "model.taxi_analytics.dim_vendor"
[0m09:52:46.990300 [debug] [Thread-1 (]: Acquiring new postgres connection 'model.taxi_analytics.dim_payment'
[0m09:52:46.993933 [debug] [Thread-3 (]: Writing injected SQL for node "model.taxi_analytics.stg_trips"
[0m09:52:46.994819 [debug] [Thread-1 (]: Began compiling node model.taxi_analytics.dim_payment
[0m09:52:46.996620 [debug] [Thread-1 (]: Writing injected SQL for node "model.taxi_analytics.dim_payment"
[0m09:52:46.997295 [debug] [Thread-4 (]: Began executing node model.taxi_analytics.stg_zones
[0m09:52:47.031778 [debug] [Thread-4 (]: Writing runtime sql for node "model.taxi_analytics.stg_zones"
[0m09:52:47.033089 [debug] [Thread-3 (]: Began executing node model.taxi_analytics.stg_trips
[0m09:52:47.033762 [debug] [Thread-1 (]: Began executing node model.taxi_analytics.dim_payment
[0m09:52:47.034361 [debug] [Thread-2 (]: Began executing node model.taxi_analytics.dim_vendor
[0m09:52:47.038260 [debug] [Thread-3 (]: Writing runtime sql for node "model.taxi_analytics.stg_trips"
[0m09:52:47.058516 [debug] [Thread-1 (]: Writing runtime sql for node "model.taxi_analytics.dim_payment"
[0m09:52:47.058987 [debug] [Thread-4 (]: Using postgres connection "model.taxi_analytics.stg_zones"
[0m09:52:47.061632 [debug] [Thread-2 (]: Writing runtime sql for node "model.taxi_analytics.dim_vendor"
[0m09:52:47.062600 [debug] [Thread-4 (]: On model.taxi_analytics.stg_zones: /* {"app": "dbt", "dbt_version": "1.12.5", "profile_name": "taxi_analytics", "target_name": "dev", "node_id": "model.taxi_analytics.stg_zones"} */

  create view "nyc_taxi"."public_staging"."stg_zones__dbt_tmp"
    
    
  as (
    -- dbt/taxi_analytics/models/staging/stg_zones.sql
--
-- Staging layer for the taxi zone lookup reference table (loaded via
-- `dbt seed` from dbt/seeds/taxi_zone_lookup.csv). Light renaming to
-- snake_case only, matching the convention used across every staging
-- model in this project.

with source as (
    select * from "nyc_taxi"."public_reference"."taxi_zone_lookup"
)

select
    "LocationID" as location_id,
    "Borough"    as borough,
    "Zone"       as zone,
    "service_zone" as service_zone

from source
  );
[0m09:52:47.063534 [debug] [Thread-4 (]: Opening a new connection, currently in state init
[0m09:52:47.064569 [debug] [Thread-3 (]: Using postgres connection "model.taxi_analytics.stg_trips"
[0m09:52:47.065290 [debug] [Thread-3 (]: On model.taxi_analytics.stg_trips: /* {"app": "dbt", "dbt_version": "1.12.5", "profile_name": "taxi_analytics", "target_name": "dev", "node_id": "model.taxi_analytics.stg_trips"} */

  create view "nyc_taxi"."public_staging"."stg_trips__dbt_tmp"
    
    
  as (
    -- dbt/taxi_analytics/models/staging/stg_trips.sql
--
-- Staging layer: light renaming/casting only, no business logic.
-- Source: staging.stg_taxi_trips (loaded by src/warehouse/load.py).
--
-- IMPORTANT DESIGN NOTE: the raw TLC data has NO natural trip
-- identifier -- there's no trip_id column in the source at all. Since
-- the project's documented grain is "one row = one taxi trip", we
-- need *some* stable identifier for tests (unique, not_null) and for
-- joins downstream. We synthesize one as a hash of fields that,
-- together, should uniquely identify a real trip.
--
-- CONFIRMED IN PRACTICE: an earlier version of this key (vendor +
-- pickup/dropoff timestamps + both locations only) produced 11 hash
-- collisions out of 3.8M rows. Inspecting those collisions showed
-- genuinely DIFFERENT trips -- same vendor, same pickup/dropoff
-- second, same pickup/dropoff zone, but different fare_amount and
-- trip_distance (e.g. two cars from the same vendor completing
-- different trips that happen to start/end at the same intersection
-- in the same second). This is not a data quality defect in the
-- source; it's a limitation of the original key's granularity. Adding
-- fare_amount and trip_distance -- which were confirmed to differ in
-- every observed collision -- resolves it.
--
-- One remaining collision after that fix involved a trip with
-- trip_duration_minutes = 0 (pickup and dropoff at the identical
-- second) where only payment_type and tip_amount differed (0 tip on
-- a Cash row vs a tip on a Credit card row for otherwise identical
-- fare/distance) -- consistent with TLC's own documented caveat that
-- tips are only captured for credit card payments. This looks like the
-- same physical trip re-submitted under two payment records, a known
-- category of TLC data artifact, rather than a random hash collision.
-- Adding payment_type resolves it while keeping both rows (no silent
-- deletion, consistent with this project's data quality philosophy).
-- Zero-duration trips like this one are a good candidate for a future
-- "suspicious" flag, tracked as a follow-up rather than solved here.
--
-- This remains a probabilistic guarantee, not a mathematical one: two
-- trips identical across ALL of these fields would still collide, but
-- at that point they'd be indistinguishable by any field this dataset
-- provides, which is a reasonable place to stop.
WITH
    source AS (
        SELECT
            *
        FROM
            "nyc_taxi"."staging"."stg_taxi_trips"
    )
SELECT
    md5(
        concat_ws(
            '|',
            "VendorID"::text,
            tpep_pickup_datetime::text,
            tpep_dropoff_datetime::text,
            "PULocationID"::text,
            "DOLocationID"::text,
            fare_amount::text,
            trip_distance::text,
            payment_type::text
        )
    ) AS trip_id,
    "VendorID" AS vendor_id,
    tpep_pickup_datetime AS pickup_datetime,
    tpep_dropoff_datetime AS dropoff_datetime,
    "PULocationID" AS pickup_location_id,
    "DOLocationID" AS dropoff_location_id,
    "RatecodeID" AS ratecode_id,
    payment_type,
    passenger_count,
    trip_distance,
    trip_duration_minutes,
    fare_amount,
    extra,
    mta_tax,
    tip_amount,
    tolls_amount,
    improvement_surcharge,
    congestion_surcharge,
    airport_fee,
    cbd_congestion_fee,
    total_amount,
    pickup_date,
    pickup_hour,
    pickup_weekday,
    pickup_month,
    is_suspicious,
    batch_year,
    batch_month
FROM
    source
  );
[0m09:52:47.065901 [debug] [Thread-3 (]: Opening a new connection, currently in state init
[0m09:52:47.066858 [debug] [Thread-2 (]: Using postgres connection "model.taxi_analytics.dim_vendor"
[0m09:52:47.067742 [debug] [Thread-2 (]: On model.taxi_analytics.dim_vendor: /* {"app": "dbt", "dbt_version": "1.12.5", "profile_name": "taxi_analytics", "target_name": "dev", "node_id": "model.taxi_analytics.dim_vendor"} */

  
    

  create  table "nyc_taxi"."public_analytics"."dim_vendor__dbt_tmp"
  
  
    as
  
  (
    -- dbt/taxi_analytics/models/marts/dim_vendor.sql
--
-- Static mapping of known vendor_id codes, verified against the
-- official TLC data dictionary during Phase 1 exploration. TLC has
-- added vendors over time (6 and 7 are relatively recent additions),
-- so this list should be re-verified if a future month's data
-- contains a vendor_id not covered here.
SELECT
    *
FROM
    (
        VALUES
            (1, 'Creative Mobile Technologies, LLC'),
            (2, 'Curb Mobility, LLC'),
            (6, 'Myle Technologies Inc'),
            (7, 'Helix')
    ) AS t (vendor_id, vendor_name)
  );
  
[0m09:52:47.068625 [debug] [Thread-1 (]: Using postgres connection "model.taxi_analytics.dim_payment"
[0m09:52:47.069134 [debug] [Thread-2 (]: Opening a new connection, currently in state init
[0m09:52:47.069872 [debug] [Thread-1 (]: On model.taxi_analytics.dim_payment: /* {"app": "dbt", "dbt_version": "1.12.5", "profile_name": "taxi_analytics", "target_name": "dev", "node_id": "model.taxi_analytics.dim_payment"} */

  
    

  create  table "nyc_taxi"."public_analytics"."dim_payment__dbt_tmp"
  
  
    as
  
  (
    -- dbt/taxi_analytics/models/marts/dim_payment.sql
--
-- Static mapping of every KNOWN payment_type code, verified against
-- the official TLC data dictionary during Phase 1 exploration (see
-- docs/data_dictionary.md). Deliberately includes codes not yet
-- observed in the current month's data (e.g. code 6, "Voided trip",
-- had zero rows in June 2026) so the dimension represents the full
-- documented domain, not just what happened to appear in one month.
-- This also means future months can join safely without requiring a
-- dimension reload just because a previously-unseen code shows up.
SELECT
    *
FROM
    (
        VALUES
            (0, 'Flex Fare trip'),
            (1, 'Credit card'),
            (2, 'Cash'),
            (3, 'No charge'),
            (4, 'Dispute'),
            (5, 'Unknown'),
            (6, 'Voided trip')
    ) AS t (payment_type_id, payment_type_name)
  );
  
[0m09:52:47.071283 [debug] [Thread-1 (]: Opening a new connection, currently in state init
[0m09:52:47.116976 [debug] [Thread-4 (]: SQL status: CREATE VIEW in 0.053 seconds
[0m09:52:47.122422 [debug] [Thread-4 (]: Using postgres connection "model.taxi_analytics.stg_zones"
[0m09:52:47.122807 [debug] [Thread-4 (]: On model.taxi_analytics.stg_zones: /* {"app": "dbt", "dbt_version": "1.12.5", "profile_name": "taxi_analytics", "target_name": "dev", "node_id": "model.taxi_analytics.stg_zones"} */
alter table "nyc_taxi"."public_staging"."stg_zones" rename to "stg_zones__dbt_backup"
[0m09:52:47.123586 [debug] [Thread-4 (]: SQL status: ALTER TABLE in 0.000 seconds
[0m09:52:47.125981 [debug] [Thread-4 (]: Using postgres connection "model.taxi_analytics.stg_zones"
[0m09:52:47.126422 [debug] [Thread-4 (]: On model.taxi_analytics.stg_zones: /* {"app": "dbt", "dbt_version": "1.12.5", "profile_name": "taxi_analytics", "target_name": "dev", "node_id": "model.taxi_analytics.stg_zones"} */
alter table "nyc_taxi"."public_staging"."stg_zones__dbt_tmp" rename to "stg_zones"
[0m09:52:47.127189 [debug] [Thread-4 (]: SQL status: ALTER TABLE in 0.000 seconds
[0m09:52:47.144211 [debug] [Thread-4 (]: On model.taxi_analytics.stg_zones: COMMIT
[0m09:52:47.144643 [debug] [Thread-4 (]: Using postgres connection "model.taxi_analytics.stg_zones"
[0m09:52:47.144962 [debug] [Thread-4 (]: On model.taxi_analytics.stg_zones: COMMIT
[0m09:52:47.147248 [debug] [Thread-4 (]: SQL status: COMMIT in 0.002 seconds
[0m09:52:47.153349 [debug] [Thread-4 (]: Applying DROP to: "nyc_taxi"."public_staging"."stg_zones__dbt_backup"
[0m09:52:47.157990 [debug] [Thread-4 (]: Using postgres connection "model.taxi_analytics.stg_zones"
[0m09:52:47.158372 [debug] [Thread-4 (]: On model.taxi_analytics.stg_zones: /* {"app": "dbt", "dbt_version": "1.12.5", "profile_name": "taxi_analytics", "target_name": "dev", "node_id": "model.taxi_analytics.stg_zones"} */
drop view if exists "nyc_taxi"."public_staging"."stg_zones__dbt_backup" cascade
[0m09:52:47.161548 [debug] [Thread-4 (]: SQL status: DROP VIEW in 0.003 seconds
[0m09:52:47.163806 [debug] [Thread-4 (]: On model.taxi_analytics.stg_zones: Close
[0m09:52:47.166638 [debug] [Thread-4 (]: Sending event: {'category': 'dbt', 'action': 'run_model', 'label': 'c8f444cb-24a8-4a14-a6ba-f5916a43a366', 'context': [<snowplow_tracker.self_describing_json.SelfDescribingJson object at 0x000002562540AB10>]}
[0m09:52:47.167823 [info ] [Thread-4 (]: 4 of 8 OK created sql view model public_staging.stg_zones ...................... [[32mCREATE VIEW[0m in 0.19s]
[0m09:52:47.168813 [debug] [Thread-4 (]: Finished running node model.taxi_analytics.stg_zones
[0m09:52:47.169619 [debug] [Thread-4 (]: Began running node model.taxi_analytics.dim_zone
[0m09:52:47.170154 [info ] [Thread-4 (]: 5 of 8 START sql table model public_analytics.dim_zone ......................... [RUN]
[0m09:52:47.170870 [debug] [Thread-4 (]: Re-using an available connection from the pool (formerly model.taxi_analytics.stg_zones, now model.taxi_analytics.dim_zone)
[0m09:52:47.171738 [debug] [Thread-4 (]: Began compiling node model.taxi_analytics.dim_zone
[0m09:52:47.173582 [debug] [Thread-4 (]: Writing injected SQL for node "model.taxi_analytics.dim_zone"
[0m09:52:47.174747 [debug] [Thread-4 (]: Began executing node model.taxi_analytics.dim_zone
[0m09:52:47.178050 [debug] [Thread-4 (]: Writing runtime sql for node "model.taxi_analytics.dim_zone"
[0m09:52:47.179397 [debug] [Thread-4 (]: Using postgres connection "model.taxi_analytics.dim_zone"
[0m09:52:47.179918 [debug] [Thread-4 (]: On model.taxi_analytics.dim_zone: /* {"app": "dbt", "dbt_version": "1.12.5", "profile_name": "taxi_analytics", "target_name": "dev", "node_id": "model.taxi_analytics.dim_zone"} */

  
    

  create  table "nyc_taxi"."public_analytics"."dim_zone__dbt_tmp"
  
  
    as
  
  (
    -- dbt/taxi_analytics/models/marts/dim_zone.sql
--
-- Clean, business-facing projection of the zone lookup reference data.
SELECT
    location_id,
    borough,
    zone,
    service_zone
FROM
    "nyc_taxi"."public_staging"."stg_zones"
  );
  
[0m09:52:47.180276 [debug] [Thread-4 (]: Opening a new connection, currently in state closed
[0m09:52:47.248686 [debug] [Thread-3 (]: SQL status: CREATE VIEW in 0.183 seconds
[0m09:52:47.252673 [debug] [Thread-3 (]: Using postgres connection "model.taxi_analytics.stg_trips"
[0m09:52:47.253335 [debug] [Thread-3 (]: On model.taxi_analytics.stg_trips: /* {"app": "dbt", "dbt_version": "1.12.5", "profile_name": "taxi_analytics", "target_name": "dev", "node_id": "model.taxi_analytics.stg_trips"} */
alter table "nyc_taxi"."public_staging"."stg_trips" rename to "stg_trips__dbt_backup"
[0m09:52:47.254709 [debug] [Thread-3 (]: SQL status: ALTER TABLE in 0.001 seconds
[0m09:52:47.256828 [debug] [Thread-3 (]: Using postgres connection "model.taxi_analytics.stg_trips"
[0m09:52:47.257165 [debug] [Thread-3 (]: On model.taxi_analytics.stg_trips: /* {"app": "dbt", "dbt_version": "1.12.5", "profile_name": "taxi_analytics", "target_name": "dev", "node_id": "model.taxi_analytics.stg_trips"} */
alter table "nyc_taxi"."public_staging"."stg_trips__dbt_tmp" rename to "stg_trips"
[0m09:52:47.258157 [debug] [Thread-3 (]: SQL status: ALTER TABLE in 0.001 seconds
[0m09:52:47.259789 [debug] [Thread-3 (]: On model.taxi_analytics.stg_trips: COMMIT
[0m09:52:47.260123 [debug] [Thread-3 (]: Using postgres connection "model.taxi_analytics.stg_trips"
[0m09:52:47.260426 [debug] [Thread-3 (]: On model.taxi_analytics.stg_trips: COMMIT
[0m09:52:47.268897 [debug] [Thread-3 (]: SQL status: COMMIT in 0.007 seconds
[0m09:52:47.271211 [debug] [Thread-3 (]: Applying DROP to: "nyc_taxi"."public_staging"."stg_trips__dbt_backup"
[0m09:52:47.272387 [debug] [Thread-3 (]: Using postgres connection "model.taxi_analytics.stg_trips"
[0m09:52:47.272883 [debug] [Thread-3 (]: On model.taxi_analytics.stg_trips: /* {"app": "dbt", "dbt_version": "1.12.5", "profile_name": "taxi_analytics", "target_name": "dev", "node_id": "model.taxi_analytics.stg_trips"} */
drop view if exists "nyc_taxi"."public_staging"."stg_trips__dbt_backup" cascade
[0m09:52:47.275840 [debug] [Thread-3 (]: SQL status: DROP VIEW in 0.003 seconds
[0m09:52:47.277450 [debug] [Thread-3 (]: On model.taxi_analytics.stg_trips: Close
[0m09:52:47.278199 [debug] [Thread-3 (]: Sending event: {'category': 'dbt', 'action': 'run_model', 'label': 'c8f444cb-24a8-4a14-a6ba-f5916a43a366', 'context': [<snowplow_tracker.self_describing_json.SelfDescribingJson object at 0x0000025625625FF0>]}
[0m09:52:47.278947 [info ] [Thread-3 (]: 3 of 8 OK created sql view model public_staging.stg_trips ...................... [[32mCREATE VIEW[0m in 0.30s]
[0m09:52:47.279882 [debug] [Thread-3 (]: Finished running node model.taxi_analytics.stg_trips
[0m09:52:47.280889 [debug] [Thread-3 (]: Began running node model.taxi_analytics.dim_date
[0m09:52:47.281829 [info ] [Thread-3 (]: 6 of 8 START sql table model public_analytics.dim_date ......................... [RUN]
[0m09:52:47.283284 [debug] [Thread-3 (]: Re-using an available connection from the pool (formerly model.taxi_analytics.stg_trips, now model.taxi_analytics.dim_date)
[0m09:52:47.283883 [debug] [Thread-3 (]: Began compiling node model.taxi_analytics.dim_date
[0m09:52:47.286589 [debug] [Thread-3 (]: Writing injected SQL for node "model.taxi_analytics.dim_date"
[0m09:52:47.288511 [debug] [Thread-3 (]: Began executing node model.taxi_analytics.dim_date
[0m09:52:47.291846 [debug] [Thread-3 (]: Writing runtime sql for node "model.taxi_analytics.dim_date"
[0m09:52:47.293793 [debug] [Thread-3 (]: Using postgres connection "model.taxi_analytics.dim_date"
[0m09:52:47.294437 [debug] [Thread-3 (]: On model.taxi_analytics.dim_date: /* {"app": "dbt", "dbt_version": "1.12.5", "profile_name": "taxi_analytics", "target_name": "dev", "node_id": "model.taxi_analytics.dim_date"} */

  
    

  create  table "nyc_taxi"."public_analytics"."dim_date__dbt_tmp"
  
  
    as
  
  (
    -- dbt/taxi_analytics/models/marts/dim_date.sql
--
-- Generated dynamically from the actual min/max pickup_date found in
-- stg_trips (with a small buffer on each side), rather than a
-- hardcoded year. This means adding a new month of trip data later
-- automatically extends dim_date on the next `dbt run`, with no
-- manual edits needed here.
WITH
    date_bounds AS (
        SELECT
            min(pickup_date) - interval '3 days' AS start_date,
            max(pickup_date) + interval '3 days' AS end_date
        FROM
            "nyc_taxi"."public_staging"."stg_trips"
    ),
    date_spine AS (
        SELECT
            generate_series(
                (
                    SELECT
                        start_date
                    FROM
                        date_bounds
                ),
                (
                    SELECT
                        end_date
                    FROM
                        date_bounds
                ),
                interval '1 day'
            )::date AS full_date
    )
SELECT
    to_char (full_date, 'YYYYMMDD')::int AS date_key,
    full_date,
    extract (
        year
        FROM
            full_date
    )::int AS year,
    extract (
        quarter
        FROM
            full_date
    )::int AS quarter,
    extract (
        month
        FROM
            full_date
    )::int AS month,
    to_char (full_date, 'Month') AS month_name,
    extract (
        week
        FROM
            full_date
    )::int AS week,
    extract (
        day
        FROM
            full_date
    )::int AS day,
    to_char (full_date, 'Day') AS day_name,
    extract (
        isodow
        FROM
            full_date
    ) IN (6, 7) AS is_weekend
FROM
    date_spine
  );
  
[0m09:52:47.294856 [debug] [Thread-3 (]: Opening a new connection, currently in state closed
[0m09:52:47.316066 [debug] [Thread-1 (]: SQL status: SELECT 7 in 0.245 seconds
[0m09:52:47.324966 [debug] [Thread-1 (]: Using postgres connection "model.taxi_analytics.dim_payment"
[0m09:52:47.325476 [debug] [Thread-1 (]: On model.taxi_analytics.dim_payment: /* {"app": "dbt", "dbt_version": "1.12.5", "profile_name": "taxi_analytics", "target_name": "dev", "node_id": "model.taxi_analytics.dim_payment"} */
alter table "nyc_taxi"."public_analytics"."dim_payment__dbt_tmp" rename to "dim_payment"
[0m09:52:47.326118 [debug] [Thread-4 (]: SQL status: SELECT 265 in 0.146 seconds
[0m09:52:47.326620 [debug] [Thread-2 (]: SQL status: SELECT 4 in 0.257 seconds
[0m09:52:47.330094 [debug] [Thread-4 (]: Using postgres connection "model.taxi_analytics.dim_zone"
[0m09:52:47.330602 [debug] [Thread-1 (]: SQL status: ALTER TABLE in 0.004 seconds
[0m09:52:47.333331 [debug] [Thread-2 (]: Using postgres connection "model.taxi_analytics.dim_vendor"
[0m09:52:47.333964 [debug] [Thread-4 (]: On model.taxi_analytics.dim_zone: /* {"app": "dbt", "dbt_version": "1.12.5", "profile_name": "taxi_analytics", "target_name": "dev", "node_id": "model.taxi_analytics.dim_zone"} */
alter table "nyc_taxi"."public_analytics"."dim_zone__dbt_tmp" rename to "dim_zone"
[0m09:52:47.336137 [debug] [Thread-1 (]: On model.taxi_analytics.dim_payment: COMMIT
[0m09:52:47.336712 [debug] [Thread-2 (]: On model.taxi_analytics.dim_vendor: /* {"app": "dbt", "dbt_version": "1.12.5", "profile_name": "taxi_analytics", "target_name": "dev", "node_id": "model.taxi_analytics.dim_vendor"} */
alter table "nyc_taxi"."public_analytics"."dim_vendor__dbt_tmp" rename to "dim_vendor"
[0m09:52:47.337210 [debug] [Thread-1 (]: Using postgres connection "model.taxi_analytics.dim_payment"
[0m09:52:47.337748 [debug] [Thread-1 (]: On model.taxi_analytics.dim_payment: COMMIT
[0m09:52:47.340137 [debug] [Thread-1 (]: SQL status: COMMIT in 0.002 seconds
[0m09:52:47.342072 [debug] [Thread-1 (]: Applying DROP to: "nyc_taxi"."public_analytics"."dim_payment__dbt_backup"
[0m09:52:47.345756 [debug] [Thread-1 (]: Using postgres connection "model.taxi_analytics.dim_payment"
[0m09:52:47.346161 [debug] [Thread-1 (]: On model.taxi_analytics.dim_payment: /* {"app": "dbt", "dbt_version": "1.12.5", "profile_name": "taxi_analytics", "target_name": "dev", "node_id": "model.taxi_analytics.dim_payment"} */
drop table if exists "nyc_taxi"."public_analytics"."dim_payment__dbt_backup" cascade
[0m09:52:47.348263 [debug] [Thread-1 (]: SQL status: DROP TABLE in 0.002 seconds
[0m09:52:47.349955 [debug] [Thread-1 (]: On model.taxi_analytics.dim_payment: Close
[0m09:52:47.350687 [debug] [Thread-1 (]: Sending event: {'category': 'dbt', 'action': 'run_model', 'label': 'c8f444cb-24a8-4a14-a6ba-f5916a43a366', 'context': [<snowplow_tracker.self_describing_json.SelfDescribingJson object at 0x0000025625D11770>]}
[0m09:52:47.351479 [info ] [Thread-1 (]: 1 of 8 OK created sql table model public_analytics.dim_payment ................. [[32mSELECT 7[0m in 0.36s]
[0m09:52:47.352401 [debug] [Thread-1 (]: Finished running node model.taxi_analytics.dim_payment
[0m09:52:47.353122 [debug] [Thread-1 (]: Began running node model.taxi_analytics.int_trip_enriched
[0m09:52:47.355920 [debug] [Thread-2 (]: SQL status: ALTER TABLE in 0.018 seconds
[0m09:52:47.353996 [info ] [Thread-1 (]: 7 of 8 START sql view model public_intermediate.int_trip_enriched .............. [RUN]
[0m09:52:47.358841 [debug] [Thread-2 (]: On model.taxi_analytics.dim_vendor: COMMIT
[0m09:52:47.359461 [debug] [Thread-4 (]: SQL status: ALTER TABLE in 0.022 seconds
[0m09:52:47.360076 [debug] [Thread-1 (]: Re-using an available connection from the pool (formerly model.taxi_analytics.dim_payment, now model.taxi_analytics.int_trip_enriched)
[0m09:52:47.360541 [debug] [Thread-2 (]: Using postgres connection "model.taxi_analytics.dim_vendor"
[0m09:52:47.362206 [debug] [Thread-4 (]: On model.taxi_analytics.dim_zone: COMMIT
[0m09:52:47.362663 [debug] [Thread-1 (]: Began compiling node model.taxi_analytics.int_trip_enriched
[0m09:52:47.363073 [debug] [Thread-2 (]: On model.taxi_analytics.dim_vendor: COMMIT
[0m09:52:47.363380 [debug] [Thread-4 (]: Using postgres connection "model.taxi_analytics.dim_zone"
[0m09:52:47.365527 [debug] [Thread-1 (]: Writing injected SQL for node "model.taxi_analytics.int_trip_enriched"
[0m09:52:47.366240 [debug] [Thread-4 (]: On model.taxi_analytics.dim_zone: COMMIT
[0m09:52:47.368280 [debug] [Thread-1 (]: Began executing node model.taxi_analytics.int_trip_enriched
[0m09:52:47.376981 [debug] [Thread-4 (]: SQL status: COMMIT in 0.010 seconds
[0m09:52:47.378614 [debug] [Thread-4 (]: Applying DROP to: "nyc_taxi"."public_analytics"."dim_zone__dbt_backup"
[0m09:52:47.379356 [debug] [Thread-4 (]: Using postgres connection "model.taxi_analytics.dim_zone"
[0m09:52:47.379778 [debug] [Thread-4 (]: On model.taxi_analytics.dim_zone: /* {"app": "dbt", "dbt_version": "1.12.5", "profile_name": "taxi_analytics", "target_name": "dev", "node_id": "model.taxi_analytics.dim_zone"} */
drop table if exists "nyc_taxi"."public_analytics"."dim_zone__dbt_backup" cascade
[0m09:52:47.380300 [debug] [Thread-2 (]: SQL status: COMMIT in 0.014 seconds
[0m09:52:47.382069 [debug] [Thread-2 (]: Applying DROP to: "nyc_taxi"."public_analytics"."dim_vendor__dbt_backup"
[0m09:52:47.382890 [debug] [Thread-2 (]: Using postgres connection "model.taxi_analytics.dim_vendor"
[0m09:52:47.383293 [debug] [Thread-2 (]: On model.taxi_analytics.dim_vendor: /* {"app": "dbt", "dbt_version": "1.12.5", "profile_name": "taxi_analytics", "target_name": "dev", "node_id": "model.taxi_analytics.dim_vendor"} */
drop table if exists "nyc_taxi"."public_analytics"."dim_vendor__dbt_backup" cascade
[0m09:52:47.386561 [debug] [Thread-1 (]: Writing runtime sql for node "model.taxi_analytics.int_trip_enriched"
[0m09:52:47.387305 [debug] [Thread-4 (]: SQL status: DROP TABLE in 0.007 seconds
[0m09:52:47.387912 [debug] [Thread-2 (]: SQL status: DROP TABLE in 0.004 seconds
[0m09:52:47.390219 [debug] [Thread-4 (]: On model.taxi_analytics.dim_zone: Close
[0m09:52:47.392048 [debug] [Thread-2 (]: On model.taxi_analytics.dim_vendor: Close
[0m09:52:47.392922 [debug] [Thread-4 (]: Sending event: {'category': 'dbt', 'action': 'run_model', 'label': 'c8f444cb-24a8-4a14-a6ba-f5916a43a366', 'context': [<snowplow_tracker.self_describing_json.SelfDescribingJson object at 0x00000256259542D0>]}
[0m09:52:47.393923 [debug] [Thread-2 (]: Sending event: {'category': 'dbt', 'action': 'run_model', 'label': 'c8f444cb-24a8-4a14-a6ba-f5916a43a366', 'context': [<snowplow_tracker.self_describing_json.SelfDescribingJson object at 0x000002562594B8D0>]}
[0m09:52:47.394886 [info ] [Thread-4 (]: 5 of 8 OK created sql table model public_analytics.dim_zone .................... [[32mSELECT 265[0m in 0.22s]
[0m09:52:47.397414 [debug] [Thread-4 (]: Finished running node model.taxi_analytics.dim_zone
[0m09:52:47.396017 [info ] [Thread-2 (]: 2 of 8 OK created sql table model public_analytics.dim_vendor .................. [[32mSELECT 4[0m in 0.42s]
[0m09:52:47.399085 [debug] [Thread-1 (]: Using postgres connection "model.taxi_analytics.int_trip_enriched"
[0m09:52:47.399890 [debug] [Thread-2 (]: Finished running node model.taxi_analytics.dim_vendor
[0m09:52:47.400675 [debug] [Thread-1 (]: On model.taxi_analytics.int_trip_enriched: /* {"app": "dbt", "dbt_version": "1.12.5", "profile_name": "taxi_analytics", "target_name": "dev", "node_id": "model.taxi_analytics.int_trip_enriched"} */

  create view "nyc_taxi"."public_intermediate"."int_trip_enriched__dbt_tmp"
    
    
  as (
    -- dbt/taxi_analytics/models/intermediate/int_trip_enriched.sql
--
-- Joins stg_trips with stg_zones TWICE: once for the pickup location,
-- once for the dropoff location. This is where the "business logic"
-- of resolving raw LocationIDs into human-readable zone/borough names
-- happens, kept separate from the final fact table so fact_trips.sql
-- stays a simple, readable projection.
WITH
    trips AS (
        SELECT
            *
        FROM
            "nyc_taxi"."public_staging"."stg_trips"
    ),
    zones AS (
        SELECT
            *
        FROM
            "nyc_taxi"."public_staging"."stg_zones"
    ),
    enriched AS (
        SELECT
            t.*,
            pu_zone.borough AS pickup_borough,
            pu_zone.zone AS pickup_zone_name,
            pu_zone.service_zone AS pickup_service_zone,
            do_zone.borough AS dropoff_borough,
            do_zone.zone AS dropoff_zone_name,
            do_zone.service_zone AS dropoff_service_zone
        FROM
            trips t
            LEFT JOIN zones pu_zone ON t.pickup_location_id = pu_zone.location_id
            LEFT JOIN zones do_zone ON t.dropoff_location_id = do_zone.location_id
    )
SELECT
    *
FROM
    enriched
  );
[0m09:52:47.401659 [debug] [Thread-1 (]: Opening a new connection, currently in state closed
[0m09:52:47.472059 [debug] [Thread-1 (]: SQL status: CREATE VIEW in 0.070 seconds
[0m09:52:47.475218 [debug] [Thread-1 (]: Using postgres connection "model.taxi_analytics.int_trip_enriched"
[0m09:52:47.475971 [debug] [Thread-1 (]: On model.taxi_analytics.int_trip_enriched: /* {"app": "dbt", "dbt_version": "1.12.5", "profile_name": "taxi_analytics", "target_name": "dev", "node_id": "model.taxi_analytics.int_trip_enriched"} */
alter table "nyc_taxi"."public_intermediate"."int_trip_enriched__dbt_tmp" rename to "int_trip_enriched"
[0m09:52:47.477469 [debug] [Thread-1 (]: SQL status: ALTER TABLE in 0.001 seconds
[0m09:52:47.479731 [debug] [Thread-1 (]: On model.taxi_analytics.int_trip_enriched: COMMIT
[0m09:52:47.480373 [debug] [Thread-1 (]: Using postgres connection "model.taxi_analytics.int_trip_enriched"
[0m09:52:47.480960 [debug] [Thread-1 (]: On model.taxi_analytics.int_trip_enriched: COMMIT
[0m09:52:47.483719 [debug] [Thread-1 (]: SQL status: COMMIT in 0.002 seconds
[0m09:52:47.489069 [debug] [Thread-1 (]: Applying DROP to: "nyc_taxi"."public_intermediate"."int_trip_enriched__dbt_backup"
[0m09:52:47.490666 [debug] [Thread-1 (]: Using postgres connection "model.taxi_analytics.int_trip_enriched"
[0m09:52:47.491321 [debug] [Thread-1 (]: On model.taxi_analytics.int_trip_enriched: /* {"app": "dbt", "dbt_version": "1.12.5", "profile_name": "taxi_analytics", "target_name": "dev", "node_id": "model.taxi_analytics.int_trip_enriched"} */
drop view if exists "nyc_taxi"."public_intermediate"."int_trip_enriched__dbt_backup" cascade
[0m09:52:47.493994 [debug] [Thread-1 (]: SQL status: DROP VIEW in 0.002 seconds
[0m09:52:47.496114 [debug] [Thread-1 (]: On model.taxi_analytics.int_trip_enriched: Close
[0m09:52:47.497286 [debug] [Thread-1 (]: Sending event: {'category': 'dbt', 'action': 'run_model', 'label': 'c8f444cb-24a8-4a14-a6ba-f5916a43a366', 'context': [<snowplow_tracker.self_describing_json.SelfDescribingJson object at 0x00000256257EB3B0>]}
[0m09:52:47.498650 [info ] [Thread-1 (]: 7 of 8 OK created sql view model public_intermediate.int_trip_enriched ......... [[32mCREATE VIEW[0m in 0.14s]
[0m09:52:47.500263 [debug] [Thread-1 (]: Finished running node model.taxi_analytics.int_trip_enriched
[0m09:52:48.203050 [debug] [Thread-3 (]: SQL status: SELECT 37 in 0.908 seconds
[0m09:52:48.205475 [debug] [Thread-3 (]: Using postgres connection "model.taxi_analytics.dim_date"
[0m09:52:48.205842 [debug] [Thread-3 (]: On model.taxi_analytics.dim_date: /* {"app": "dbt", "dbt_version": "1.12.5", "profile_name": "taxi_analytics", "target_name": "dev", "node_id": "model.taxi_analytics.dim_date"} */
alter table "nyc_taxi"."public_analytics"."dim_date__dbt_tmp" rename to "dim_date"
[0m09:52:48.206725 [debug] [Thread-3 (]: SQL status: ALTER TABLE in 0.001 seconds
[0m09:52:48.208460 [debug] [Thread-3 (]: On model.taxi_analytics.dim_date: COMMIT
[0m09:52:48.209031 [debug] [Thread-3 (]: Using postgres connection "model.taxi_analytics.dim_date"
[0m09:52:48.209407 [debug] [Thread-3 (]: On model.taxi_analytics.dim_date: COMMIT
[0m09:52:48.211964 [debug] [Thread-3 (]: SQL status: COMMIT in 0.002 seconds
[0m09:52:48.214109 [debug] [Thread-3 (]: Applying DROP to: "nyc_taxi"."public_analytics"."dim_date__dbt_backup"
[0m09:52:48.214821 [debug] [Thread-3 (]: Using postgres connection "model.taxi_analytics.dim_date"
[0m09:52:48.215161 [debug] [Thread-3 (]: On model.taxi_analytics.dim_date: /* {"app": "dbt", "dbt_version": "1.12.5", "profile_name": "taxi_analytics", "target_name": "dev", "node_id": "model.taxi_analytics.dim_date"} */
drop table if exists "nyc_taxi"."public_analytics"."dim_date__dbt_backup" cascade
[0m09:52:48.217023 [debug] [Thread-3 (]: SQL status: DROP TABLE in 0.001 seconds
[0m09:52:48.218411 [debug] [Thread-3 (]: On model.taxi_analytics.dim_date: Close
[0m09:52:48.219059 [debug] [Thread-3 (]: Sending event: {'category': 'dbt', 'action': 'run_model', 'label': 'c8f444cb-24a8-4a14-a6ba-f5916a43a366', 'context': [<snowplow_tracker.self_describing_json.SelfDescribingJson object at 0x00000256256016D0>]}
[0m09:52:48.219825 [info ] [Thread-3 (]: 6 of 8 OK created sql table model public_analytics.dim_date .................... [[32mSELECT 37[0m in 0.94s]
[0m09:52:48.221059 [debug] [Thread-3 (]: Finished running node model.taxi_analytics.dim_date
[0m09:52:48.222019 [debug] [Thread-4 (]: Began running node model.taxi_analytics.fact_trips
[0m09:52:48.223111 [info ] [Thread-4 (]: 8 of 8 START sql table model public_analytics.fact_trips ....................... [RUN]
[0m09:52:48.224785 [debug] [Thread-4 (]: Re-using an available connection from the pool (formerly model.taxi_analytics.dim_zone, now model.taxi_analytics.fact_trips)
[0m09:52:48.225322 [debug] [Thread-4 (]: Began compiling node model.taxi_analytics.fact_trips
[0m09:52:48.227813 [debug] [Thread-4 (]: Writing injected SQL for node "model.taxi_analytics.fact_trips"
[0m09:52:48.229743 [debug] [Thread-4 (]: Began executing node model.taxi_analytics.fact_trips
[0m09:52:48.232683 [debug] [Thread-4 (]: Writing runtime sql for node "model.taxi_analytics.fact_trips"
[0m09:52:48.234597 [debug] [Thread-4 (]: Using postgres connection "model.taxi_analytics.fact_trips"
[0m09:52:48.235221 [debug] [Thread-4 (]: On model.taxi_analytics.fact_trips: /* {"app": "dbt", "dbt_version": "1.12.5", "profile_name": "taxi_analytics", "target_name": "dev", "node_id": "model.taxi_analytics.fact_trips"} */

  
    

  create  table "nyc_taxi"."public_analytics"."fact_trips__dbt_tmp"
  
  
    as
  
  (
    -- dbt/taxi_analytics/models/marts/fact_trips.sql
--
-- FACT_TRIPS GRAIN: one row represents one taxi trip.
--
-- Foreign keys point to dim_date (via pickup_date_key), dim_zone
-- (via pickup_zone_id / dropoff_zone_id), dim_payment (via
-- payment_type_id), and dim_vendor (via vendor_id). See schema.yml
-- in this folder for the relationship tests enforcing these links.
WITH
    enriched AS (
        SELECT
            *
        FROM
            "nyc_taxi"."public_intermediate"."int_trip_enriched"
    ),
    dates AS (
        SELECT
            date_key,
            full_date
        FROM
            "nyc_taxi"."public_analytics"."dim_date"
    )
SELECT
    e.trip_id,
    e.vendor_id,
    e.pickup_datetime,
    e.dropoff_datetime,
    d.date_key AS pickup_date_key,
    e.pickup_location_id AS pickup_zone_id,
    e.dropoff_location_id AS dropoff_zone_id,
    e.payment_type AS payment_type_id,
    e.passenger_count,
    e.trip_distance,
    e.trip_duration_minutes,
    e.fare_amount,
    e.extra,
    e.mta_tax,
    e.tip_amount,
    e.tolls_amount,
    e.improvement_surcharge,
    e.congestion_surcharge,
    e.airport_fee,
    e.cbd_congestion_fee,
    e.total_amount,
    e.is_suspicious,
    e.batch_year,
    e.batch_month
FROM
    enriched e
    LEFT JOIN dates d ON e.pickup_date = d.full_date
  );
  
[0m09:52:48.235903 [debug] [Thread-4 (]: Opening a new connection, currently in state closed
[0m09:53:42.664205 [debug] [Thread-4 (]: SQL status: SELECT 3822900 in 54.422 seconds
[0m09:53:42.669362 [debug] [Thread-4 (]: Using postgres connection "model.taxi_analytics.fact_trips"
[0m09:53:42.669980 [debug] [Thread-4 (]: On model.taxi_analytics.fact_trips: /* {"app": "dbt", "dbt_version": "1.12.5", "profile_name": "taxi_analytics", "target_name": "dev", "node_id": "model.taxi_analytics.fact_trips"} */
alter table "nyc_taxi"."public_analytics"."fact_trips__dbt_tmp" rename to "fact_trips"
[0m09:53:42.712987 [debug] [Thread-4 (]: SQL status: ALTER TABLE in 0.042 seconds
[0m09:53:42.717452 [debug] [Thread-4 (]: On model.taxi_analytics.fact_trips: COMMIT
[0m09:53:42.718412 [debug] [Thread-4 (]: Using postgres connection "model.taxi_analytics.fact_trips"
[0m09:53:42.719062 [debug] [Thread-4 (]: On model.taxi_analytics.fact_trips: COMMIT
[0m09:53:42.721254 [debug] [Thread-4 (]: SQL status: COMMIT in 0.002 seconds
[0m09:53:42.723387 [debug] [Thread-4 (]: Applying DROP to: "nyc_taxi"."public_analytics"."fact_trips__dbt_backup"
[0m09:53:42.724227 [debug] [Thread-4 (]: Using postgres connection "model.taxi_analytics.fact_trips"
[0m09:53:42.724638 [debug] [Thread-4 (]: On model.taxi_analytics.fact_trips: /* {"app": "dbt", "dbt_version": "1.12.5", "profile_name": "taxi_analytics", "target_name": "dev", "node_id": "model.taxi_analytics.fact_trips"} */
drop table if exists "nyc_taxi"."public_analytics"."fact_trips__dbt_backup" cascade
[0m09:53:42.753882 [debug] [Thread-4 (]: SQL status: DROP TABLE in 0.028 seconds
[0m09:53:42.757224 [debug] [Thread-4 (]: On model.taxi_analytics.fact_trips: Close
[0m09:53:42.758523 [debug] [Thread-4 (]: Sending event: {'category': 'dbt', 'action': 'run_model', 'label': 'c8f444cb-24a8-4a14-a6ba-f5916a43a366', 'context': [<snowplow_tracker.self_describing_json.SelfDescribingJson object at 0x00000256257EB0B0>]}
[0m09:53:42.759628 [info ] [Thread-4 (]: 8 of 8 OK created sql table model public_analytics.fact_trips .................. [[32mSELECT 3822900[0m in 54.53s]
[0m09:53:42.761133 [debug] [Thread-4 (]: Finished running node model.taxi_analytics.fact_trips
[0m09:53:42.763867 [debug] [MainThread]: On master: COMMIT
[0m09:53:42.764404 [debug] [MainThread]: Using postgres connection "master"
[0m09:53:42.764900 [debug] [MainThread]: On master: COMMIT
[0m09:53:42.765267 [debug] [MainThread]: Opening a new connection, currently in state closed
[0m09:53:42.879569 [debug] [MainThread]: SQL status: COMMIT in 0.114 seconds
[0m09:53:42.880051 [debug] [MainThread]: On master: Close
[0m09:53:42.880722 [debug] [MainThread]: Connection 'master' was properly closed.
[0m09:53:42.881274 [debug] [MainThread]: Connection 'create_nyc_taxi_public_analytics' was properly closed.
[0m09:53:42.881736 [debug] [MainThread]: Connection 'list_nyc_taxi' was properly closed.
[0m09:53:42.882045 [debug] [MainThread]: Connection 'create_nyc_taxi_public_intermediate' was properly closed.
[0m09:53:42.882380 [debug] [MainThread]: Connection 'list_nyc_taxi_public_staging' was properly closed.
[0m09:53:42.882715 [debug] [MainThread]: Connection 'list_nyc_taxi_public_intermediate' was properly closed.
[0m09:53:42.883012 [debug] [MainThread]: Connection 'list_nyc_taxi_public_analytics' was properly closed.
[0m09:53:42.883464 [debug] [MainThread]: Connection 'list_nyc_taxi_public_reference' was properly closed.
[0m09:53:42.883920 [debug] [MainThread]: Connection 'model.taxi_analytics.fact_trips' was properly closed.
[0m09:53:42.884215 [debug] [MainThread]: Connection 'model.taxi_analytics.dim_vendor' was properly closed.
[0m09:53:42.884489 [debug] [MainThread]: Connection 'model.taxi_analytics.dim_date' was properly closed.
[0m09:53:42.884775 [debug] [MainThread]: Connection 'model.taxi_analytics.int_trip_enriched' was properly closed.
[0m09:53:42.889707 [info ] [MainThread]: 
[0m09:53:42.890469 [info ] [MainThread]: Finished running 5 table models, 3 view models in 0 hours 0 minutes and 56.45 seconds (56.45s).
[0m09:53:42.893808 [debug] [MainThread]: Command end result
[0m09:53:42.934561 [debug] [MainThread]: Wrote artifact WritableManifest to D:\MEHDI\Study\WISD-EID\projetcs\NYC TaxiFlow\dbt\target\manifest.json
[0m09:53:42.939708 [debug] [MainThread]: Wrote artifact SemanticManifest to D:\MEHDI\Study\WISD-EID\projetcs\NYC TaxiFlow\dbt\target\semantic_manifest.json
[0m09:53:42.943361 [debug] [MainThread]: Wrote artifact OsiDocument to D:\MEHDI\Study\WISD-EID\projetcs\NYC TaxiFlow\dbt\target\osi_document.json
[0m09:53:42.950663 [debug] [MainThread]: Wrote artifact RunExecutionResult to D:\MEHDI\Study\WISD-EID\projetcs\NYC TaxiFlow\dbt\target\run_results.json
[0m09:53:42.951097 [info ] [MainThread]: 
[0m09:53:42.952239 [info ] [MainThread]: [32mCompleted successfully[0m
[0m09:53:42.952875 [info ] [MainThread]: 
[0m09:53:42.953402 [info ] [MainThread]: Done. PASS=8 WARN=0 ERROR=0 SKIP=0 NO-OP=0 REUSED=0 TOTAL=8
[0m09:53:42.955031 [debug] [MainThread]: Command `dbt run` succeeded at 09:53:42.954655 after 57.93 seconds
[0m09:53:42.955752 [debug] [MainThread]: Sending event: {'category': 'dbt', 'action': 'invocation', 'label': 'end', 'context': [<snowplow_tracker.self_describing_json.SelfDescribingJson object at 0x0000025625007470>, <snowplow_tracker.self_describing_json.SelfDescribingJson object at 0x0000025624D32F90>, <snowplow_tracker.self_describing_json.SelfDescribingJson object at 0x0000025625601C10>]}
[0m09:53:42.956389 [debug] [MainThread]: Flushing usage events
[0m09:53:44.157017 [debug] [MainThread]: An error was encountered while trying to flush usage events
[0m09:54:07.724885 [debug] [MainThread]: Sending event: {'category': 'dbt', 'action': 'invocation', 'label': 'start', 'context': [<snowplow_tracker.self_describing_json.SelfDescribingJson object at 0x000001F6991B3230>, <snowplow_tracker.self_describing_json.SelfDescribingJson object at 0x000001F69B75BED0>, <snowplow_tracker.self_describing_json.SelfDescribingJson object at 0x000001F69B75BC50>]}


============================== 09:54:07.736021 | a81ef214-bc95-4d3b-bbde-136a7071f48f ==============================
[0m09:54:07.736021 [info ] [MainThread]: Running with dbt=1.12.5
[0m09:54:07.737123 [debug] [MainThread]: running dbt with arguments {'maximum_seed_size_mib': '1', 'no_print': 'None', 'version_check': 'True', 'target_path': 'None', 'warn_error_options': 'WarnErrorOptionsV2(error=[], warn=[], silence=[])', 'static_parser': 'True', 'printer_width': '80', 'write_json': 'True', 'introspect': 'True', 'log_cache_events': 'False', 'empty': 'None', 'cache_selected_only': 'False', 'log_format': 'default', 'debug': 'False', 'fail_fast': 'False', 'partial_parse': 'True', 'send_anonymous_usage_stats': 'True', 'quiet': 'False', 'warn_error': 'None', 'profiles_dir': 'D:\\MEHDI\\Study\\WISD-EID\\projetcs\\NYC TaxiFlow\\dbt', 'invocation_command': 'dbt test', 'hints_enabled': 'True', 'indirect_selection': 'eager', 'use_experimental_parser': 'False', 'use_colors': 'True', 'log_path': 'D:\\MEHDI\\Study\\WISD-EID\\projetcs\\NYC TaxiFlow\\dbt\\logs'}
[0m09:54:08.033306 [debug] [MainThread]: Sending event: {'category': 'dbt', 'action': 'project_id', 'label': 'a81ef214-bc95-4d3b-bbde-136a7071f48f', 'context': [<snowplow_tracker.self_describing_json.SelfDescribingJson object at 0x000001F6996DF100>]}
[0m09:54:08.123549 [debug] [MainThread]: Sending event: {'category': 'dbt', 'action': 'adapter_info', 'label': 'a81ef214-bc95-4d3b-bbde-136a7071f48f', 'context': [<snowplow_tracker.self_describing_json.SelfDescribingJson object at 0x000001F69B8B6690>]}
[0m09:54:08.125446 [info ] [MainThread]: Registered adapter: postgres=1.11.0
[0m09:54:08.427383 [debug] [MainThread]: checksum: 9607b53e0bcec4aae7a28a2b598befef7e2640a23c376f5ae19341de1d9729bc, vars: {}, profile: taxi_analytics, target: dev, version: 1.12.5
[0m09:54:09.050357 [debug] [MainThread]: Partial parsing enabled: 0 files deleted, 0 files added, 0 files changed.
[0m09:54:09.050745 [debug] [MainThread]: Nothing changed, skipping partial parsing.
[0m09:54:09.050989 [debug] [MainThread]: Partial parsing enabled, no changes found, skipping parsing
[0m09:54:09.060408 [debug] [MainThread]: Sending event: {'category': 'dbt', 'action': 'load_project', 'label': 'a81ef214-bc95-4d3b-bbde-136a7071f48f', 'context': [<snowplow_tracker.self_describing_json.SelfDescribingJson object at 0x000001F69BDE7D50>]}
[0m09:54:09.337291 [debug] [MainThread]: Wrote artifact WritableManifest to D:\MEHDI\Study\WISD-EID\projetcs\NYC TaxiFlow\dbt\target\manifest.json
[0m09:54:09.341354 [debug] [MainThread]: Wrote artifact SemanticManifest to D:\MEHDI\Study\WISD-EID\projetcs\NYC TaxiFlow\dbt\target\semantic_manifest.json
[0m09:54:09.399367 [debug] [MainThread]: Wrote artifact OsiDocument to D:\MEHDI\Study\WISD-EID\projetcs\NYC TaxiFlow\dbt\target\osi_document.json
[0m09:54:09.449224 [debug] [MainThread]: Sending event: {'category': 'dbt', 'action': 'resource_counts', 'label': 'a81ef214-bc95-4d3b-bbde-136a7071f48f', 'context': [<snowplow_tracker.self_describing_json.SelfDescribingJson object at 0x000001F69C06C230>]}
[0m09:54:09.449839 [info ] [MainThread]: Found 11 models, 32 data tests, 1 seed, 1 source, 477 macros
[0m09:54:09.450460 [debug] [MainThread]: Sending event: {'category': 'dbt', 'action': 'runnable_timing', 'label': 'a81ef214-bc95-4d3b-bbde-136a7071f48f', 'context': [<snowplow_tracker.self_describing_json.SelfDescribingJson object at 0x000001F69BD05390>]}
[0m09:54:09.454612 [info ] [MainThread]: 
[0m09:54:09.455440 [info ] [MainThread]: Concurrency: 4 threads (target='dev')
[0m09:54:09.455881 [info ] [MainThread]: 
[0m09:54:09.456477 [debug] [MainThread]: Acquiring new postgres connection 'master'
[0m09:54:09.461798 [debug] [ThreadPool]: Acquiring new postgres connection 'list_nyc_taxi_public_reference'
[0m09:54:09.476962 [debug] [ThreadPool]: Acquiring new postgres connection 'list_nyc_taxi_public_analytics'
[0m09:54:09.478838 [debug] [ThreadPool]: Acquiring new postgres connection 'list_nyc_taxi_public_intermediate'
[0m09:54:09.481044 [debug] [ThreadPool]: Acquiring new postgres connection 'list_nyc_taxi_public_staging'
[0m09:54:09.554057 [debug] [ThreadPool]: Using postgres connection "list_nyc_taxi_public_reference"
[0m09:54:09.554479 [debug] [ThreadPool]: On list_nyc_taxi_public_reference: /* {"app": "dbt", "dbt_version": "1.12.5", "profile_name": "taxi_analytics", "target_name": "dev", "connection_name": "list_nyc_taxi_public_reference"} */
select
      'nyc_taxi' as database,
      tablename as name,
      schemaname as schema,
      'table' as type
    from pg_tables
    where schemaname ilike 'public_reference'
    union all
    select
      'nyc_taxi' as database,
      viewname as name,
      schemaname as schema,
      'view' as type
    from pg_views
    where schemaname ilike 'public_reference'
    union all
    select
      'nyc_taxi' as database,
      matviewname as name,
      schemaname as schema,
      'materialized_view' as type
    from pg_matviews
    where schemaname ilike 'public_reference'
    union all
    select distinct
     'nyc_taxi' as database,
     proname as name,
     ns.nspname as schema,
     'function' as type
    from pg_proc
     join pg_namespace as ns on pronamespace = ns.oid
    where ns.nspname ilike 'public_reference'
  
[0m09:54:09.554794 [debug] [ThreadPool]: Opening a new connection, currently in state init
[0m09:54:09.555347 [debug] [ThreadPool]: Using postgres connection "list_nyc_taxi_public_analytics"
[0m09:54:09.555987 [debug] [ThreadPool]: Using postgres connection "list_nyc_taxi_public_intermediate"
[0m09:54:09.556401 [debug] [ThreadPool]: On list_nyc_taxi_public_analytics: /* {"app": "dbt", "dbt_version": "1.12.5", "profile_name": "taxi_analytics", "target_name": "dev", "connection_name": "list_nyc_taxi_public_analytics"} */
select
      'nyc_taxi' as database,
      tablename as name,
      schemaname as schema,
      'table' as type
    from pg_tables
    where schemaname ilike 'public_analytics'
    union all
    select
      'nyc_taxi' as database,
      viewname as name,
      schemaname as schema,
      'view' as type
    from pg_views
    where schemaname ilike 'public_analytics'
    union all
    select
      'nyc_taxi' as database,
      matviewname as name,
      schemaname as schema,
      'materialized_view' as type
    from pg_matviews
    where schemaname ilike 'public_analytics'
    union all
    select distinct
     'nyc_taxi' as database,
     proname as name,
     ns.nspname as schema,
     'function' as type
    from pg_proc
     join pg_namespace as ns on pronamespace = ns.oid
    where ns.nspname ilike 'public_analytics'
  
[0m09:54:09.556812 [debug] [ThreadPool]: Using postgres connection "list_nyc_taxi_public_staging"
[0m09:54:09.557231 [debug] [ThreadPool]: On list_nyc_taxi_public_intermediate: /* {"app": "dbt", "dbt_version": "1.12.5", "profile_name": "taxi_analytics", "target_name": "dev", "connection_name": "list_nyc_taxi_public_intermediate"} */
select
      'nyc_taxi' as database,
      tablename as name,
      schemaname as schema,
      'table' as type
    from pg_tables
    where schemaname ilike 'public_intermediate'
    union all
    select
      'nyc_taxi' as database,
      viewname as name,
      schemaname as schema,
      'view' as type
    from pg_views
    where schemaname ilike 'public_intermediate'
    union all
    select
      'nyc_taxi' as database,
      matviewname as name,
      schemaname as schema,
      'materialized_view' as type
    from pg_matviews
    where schemaname ilike 'public_intermediate'
    union all
    select distinct
     'nyc_taxi' as database,
     proname as name,
     ns.nspname as schema,
     'function' as type
    from pg_proc
     join pg_namespace as ns on pronamespace = ns.oid
    where ns.nspname ilike 'public_intermediate'
  
[0m09:54:09.557704 [debug] [ThreadPool]: Opening a new connection, currently in state init
[0m09:54:09.558074 [debug] [ThreadPool]: On list_nyc_taxi_public_staging: /* {"app": "dbt", "dbt_version": "1.12.5", "profile_name": "taxi_analytics", "target_name": "dev", "connection_name": "list_nyc_taxi_public_staging"} */
select
      'nyc_taxi' as database,
      tablename as name,
      schemaname as schema,
      'table' as type
    from pg_tables
    where schemaname ilike 'public_staging'
    union all
    select
      'nyc_taxi' as database,
      viewname as name,
      schemaname as schema,
      'view' as type
    from pg_views
    where schemaname ilike 'public_staging'
    union all
    select
      'nyc_taxi' as database,
      matviewname as name,
      schemaname as schema,
      'materialized_view' as type
    from pg_matviews
    where schemaname ilike 'public_staging'
    union all
    select distinct
     'nyc_taxi' as database,
     proname as name,
     ns.nspname as schema,
     'function' as type
    from pg_proc
     join pg_namespace as ns on pronamespace = ns.oid
    where ns.nspname ilike 'public_staging'
  
[0m09:54:09.558637 [debug] [ThreadPool]: Opening a new connection, currently in state init
[0m09:54:09.559536 [debug] [ThreadPool]: Opening a new connection, currently in state init
[0m09:54:09.886227 [debug] [ThreadPool]: SQL status: SELECT 5 in 0.328 seconds
[0m09:54:09.888165 [debug] [ThreadPool]: On list_nyc_taxi_public_analytics: ROLLBACK
[0m09:54:09.888976 [debug] [ThreadPool]: On list_nyc_taxi_public_analytics: Close
[0m09:54:09.899388 [debug] [ThreadPool]: SQL status: SELECT 2 in 0.340 seconds
[0m09:54:09.901261 [debug] [ThreadPool]: On list_nyc_taxi_public_staging: ROLLBACK
[0m09:54:09.902083 [debug] [ThreadPool]: On list_nyc_taxi_public_staging: Close
[0m09:54:09.936236 [debug] [ThreadPool]: SQL status: SELECT 1 in 0.381 seconds
[0m09:54:09.937550 [debug] [ThreadPool]: On list_nyc_taxi_public_reference: ROLLBACK
[0m09:54:09.938027 [debug] [ThreadPool]: SQL status: SELECT 1 in 0.379 seconds
[0m09:54:09.938421 [debug] [ThreadPool]: On list_nyc_taxi_public_reference: Close
[0m09:54:09.939750 [debug] [ThreadPool]: On list_nyc_taxi_public_intermediate: ROLLBACK
[0m09:54:09.940874 [debug] [ThreadPool]: On list_nyc_taxi_public_intermediate: Close
[0m09:54:09.946609 [debug] [MainThread]: Using postgres connection "master"
[0m09:54:09.947085 [debug] [MainThread]: On master: /* {"app": "dbt", "dbt_version": "1.12.5", "profile_name": "taxi_analytics", "target_name": "dev", "connection_name": "master"} */
select distinct
        dependent_namespace.nspname as dependent_schema,
        dependent_class.relname as dependent_name,
        referenced_namespace.nspname as referenced_schema,
        referenced_class.relname as referenced_name

    -- Query for views: views are entries in pg_class with an entry in pg_rewrite, but we avoid
    -- a seq scan on pg_rewrite by leveraging the fact there is an "internal" row in pg_depend for
    -- the view...
    from pg_class as dependent_class
    join pg_namespace as dependent_namespace on dependent_namespace.oid = dependent_class.relnamespace
    join pg_depend as dependent_depend on dependent_depend.refobjid = dependent_class.oid
        and dependent_depend.classid = 'pg_rewrite'::regclass
        and dependent_depend.refclassid = 'pg_class'::regclass
        and dependent_depend.deptype = 'i'

    -- ... and via pg_depend (that has a row per column, hence the need for "distinct" above, and
    -- making sure to exclude the internal row to avoid a view appearing to depend on itself)...
    join pg_depend as joining_depend on joining_depend.objid = dependent_depend.objid
        and joining_depend.classid = 'pg_rewrite'::regclass
        and joining_depend.refclassid = 'pg_class'::regclass
        and joining_depend.refobjid != dependent_depend.refobjid

    -- ... we can find the tables they query from in pg_class, but excluding system tables. Note we
    -- don't need need to exclude _dependent_ system tables, because they only query from other
    -- system tables, and so are automatically excluded by excluding _referenced_ system tables
    join pg_class as referenced_class on referenced_class.oid = joining_depend.refobjid
    join pg_namespace as referenced_namespace on referenced_namespace.oid = referenced_class.relnamespace
        and referenced_namespace.nspname != 'information_schema'
        and referenced_namespace.nspname not like 'pg\_%'

    order by
        dependent_schema, dependent_name, referenced_schema, referenced_name;
[0m09:54:09.947511 [debug] [MainThread]: Opening a new connection, currently in state init
[0m09:54:10.072763 [debug] [MainThread]: SQL status: SELECT 4 in 0.125 seconds
[0m09:54:10.074958 [debug] [MainThread]: Sending event: {'category': 'dbt', 'action': 'runnable_timing', 'label': 'a81ef214-bc95-4d3b-bbde-136a7071f48f', 'context': [<snowplow_tracker.self_describing_json.SelfDescribingJson object at 0x000001F69C1F17E0>]}
[0m09:54:10.075467 [debug] [MainThread]: On master: ROLLBACK
[0m09:54:10.076041 [debug] [MainThread]: On master: COMMIT
[0m09:54:10.076366 [debug] [MainThread]: Using postgres connection "master"
[0m09:54:10.076607 [debug] [MainThread]: On master: COMMIT
[0m09:54:10.077171 [debug] [MainThread]: SQL status: COMMIT in 0.000 seconds
[0m09:54:10.077489 [debug] [MainThread]: On master: Close
[0m09:54:10.086993 [debug] [Thread-4 (]: Began running node test.taxi_analytics.not_null_dim_vendor_vendor_id.79e84c8282
[0m09:54:10.087564 [debug] [Thread-1 (]: Began running node test.taxi_analytics.accepted_values_stg_trips_payment_type__0__1__2__3__4__5__6.0972e03b73
[0m09:54:10.088079 [debug] [Thread-3 (]: Began running node test.taxi_analytics.not_null_dim_payment_payment_type_id.c380af6369
[0m09:54:10.088867 [debug] [Thread-2 (]: Began running node test.taxi_analytics.not_null_dim_date_date_key.881d0a31b6
[0m09:54:10.088403 [info ] [Thread-4 (]: 4 of 30 START test not_null_dim_vendor_vendor_id ............................... [RUN]
[0m09:54:10.089558 [info ] [Thread-1 (]: 1 of 30 START test accepted_values_stg_trips_payment_type__0__1__2__3__4__5__6 . [RUN]
[0m09:54:10.090984 [debug] [Thread-4 (]: Acquiring new postgres connection 'test.taxi_analytics.not_null_dim_vendor_vendor_id.79e84c8282'
[0m09:54:10.092327 [debug] [Thread-1 (]: Acquiring new postgres connection 'test.taxi_analytics.accepted_values_stg_trips_payment_type__0__1__2__3__4__5__6.0972e03b73'
[0m09:54:10.089919 [info ] [Thread-3 (]: 3 of 30 START test not_null_dim_payment_payment_type_id ........................ [RUN]
[0m09:54:10.093133 [debug] [Thread-4 (]: Began compiling node test.taxi_analytics.not_null_dim_vendor_vendor_id.79e84c8282
[0m09:54:10.090280 [info ] [Thread-2 (]: 2 of 30 START test not_null_dim_date_date_key .................................. [RUN]
[0m09:54:10.093800 [debug] [Thread-1 (]: Began compiling node test.taxi_analytics.accepted_values_stg_trips_payment_type__0__1__2__3__4__5__6.0972e03b73
[0m09:54:10.094270 [debug] [Thread-3 (]: Acquiring new postgres connection 'test.taxi_analytics.not_null_dim_payment_payment_type_id.c380af6369'
[0m09:54:10.113540 [debug] [Thread-4 (]: Writing injected SQL for node "test.taxi_analytics.not_null_dim_vendor_vendor_id.79e84c8282"
[0m09:54:10.114155 [debug] [Thread-2 (]: Acquiring new postgres connection 'test.taxi_analytics.not_null_dim_date_date_key.881d0a31b6'
[0m09:54:10.124928 [debug] [Thread-1 (]: Writing injected SQL for node "test.taxi_analytics.accepted_values_stg_trips_payment_type__0__1__2__3__4__5__6.0972e03b73"
[0m09:54:10.125518 [debug] [Thread-3 (]: Began compiling node test.taxi_analytics.not_null_dim_payment_payment_type_id.c380af6369
[0m09:54:10.126207 [debug] [Thread-2 (]: Began compiling node test.taxi_analytics.not_null_dim_date_date_key.881d0a31b6
[0m09:54:10.134610 [debug] [Thread-3 (]: Writing injected SQL for node "test.taxi_analytics.not_null_dim_payment_payment_type_id.c380af6369"
[0m09:54:10.140972 [debug] [Thread-2 (]: Writing injected SQL for node "test.taxi_analytics.not_null_dim_date_date_key.881d0a31b6"
[0m09:54:10.142434 [debug] [Thread-1 (]: Began executing node test.taxi_analytics.accepted_values_stg_trips_payment_type__0__1__2__3__4__5__6.0972e03b73
[0m09:54:10.159328 [debug] [Thread-1 (]: Writing runtime sql for node "test.taxi_analytics.accepted_values_stg_trips_payment_type__0__1__2__3__4__5__6.0972e03b73"
[0m09:54:10.160524 [debug] [Thread-1 (]: Using postgres connection "test.taxi_analytics.accepted_values_stg_trips_payment_type__0__1__2__3__4__5__6.0972e03b73"
[0m09:54:10.161243 [debug] [Thread-1 (]: On test.taxi_analytics.accepted_values_stg_trips_payment_type__0__1__2__3__4__5__6.0972e03b73: /* {"app": "dbt", "dbt_version": "1.12.5", "profile_name": "taxi_analytics", "target_name": "dev", "node_id": "test.taxi_analytics.accepted_values_stg_trips_payment_type__0__1__2__3__4__5__6.0972e03b73"} */

    
    select
      count(*) as failures,
      count(*) != 0 as should_warn,
      count(*) != 0 as should_error
    from (
      
    
  
    
    

with all_values as (

    select
        payment_type as value_field,
        count(*) as n_records

    from "nyc_taxi"."public_staging"."stg_trips"
    group by payment_type

)

select *
from all_values
where value_field not in (
    '0','1','2','3','4','5','6'
)



  
  
      
    ) dbt_internal_test
[0m09:54:10.161908 [debug] [Thread-1 (]: Opening a new connection, currently in state init
[0m09:54:10.255072 [debug] [Thread-4 (]: Began executing node test.taxi_analytics.not_null_dim_vendor_vendor_id.79e84c8282
[0m09:54:10.257485 [debug] [Thread-4 (]: Writing runtime sql for node "test.taxi_analytics.not_null_dim_vendor_vendor_id.79e84c8282"
[0m09:54:10.312774 [debug] [Thread-3 (]: Began executing node test.taxi_analytics.not_null_dim_payment_payment_type_id.c380af6369
[0m09:54:10.315636 [debug] [Thread-3 (]: Writing runtime sql for node "test.taxi_analytics.not_null_dim_payment_payment_type_id.c380af6369"
[0m09:54:10.316762 [debug] [Thread-4 (]: Using postgres connection "test.taxi_analytics.not_null_dim_vendor_vendor_id.79e84c8282"
[0m09:54:10.317451 [debug] [Thread-4 (]: On test.taxi_analytics.not_null_dim_vendor_vendor_id.79e84c8282: /* {"app": "dbt", "dbt_version": "1.12.5", "profile_name": "taxi_analytics", "target_name": "dev", "node_id": "test.taxi_analytics.not_null_dim_vendor_vendor_id.79e84c8282"} */

    
    select
      count(*) as failures,
      count(*) != 0 as should_warn,
      count(*) != 0 as should_error
    from (
      
    
  
    
    



select vendor_id
from "nyc_taxi"."public_analytics"."dim_vendor"
where vendor_id is null



  
  
      
    ) dbt_internal_test
[0m09:54:10.318141 [debug] [Thread-4 (]: Opening a new connection, currently in state init
[0m09:54:10.319063 [debug] [Thread-2 (]: Began executing node test.taxi_analytics.not_null_dim_date_date_key.881d0a31b6
[0m09:54:10.321586 [debug] [Thread-2 (]: Writing runtime sql for node "test.taxi_analytics.not_null_dim_date_date_key.881d0a31b6"
[0m09:54:10.322623 [debug] [Thread-3 (]: Using postgres connection "test.taxi_analytics.not_null_dim_payment_payment_type_id.c380af6369"
[0m09:54:10.323294 [debug] [Thread-3 (]: On test.taxi_analytics.not_null_dim_payment_payment_type_id.c380af6369: /* {"app": "dbt", "dbt_version": "1.12.5", "profile_name": "taxi_analytics", "target_name": "dev", "node_id": "test.taxi_analytics.not_null_dim_payment_payment_type_id.c380af6369"} */

    
    select
      count(*) as failures,
      count(*) != 0 as should_warn,
      count(*) != 0 as should_error
    from (
      
    
  
    
    



select payment_type_id
from "nyc_taxi"."public_analytics"."dim_payment"
where payment_type_id is null



  
  
      
    ) dbt_internal_test
[0m09:54:10.324011 [debug] [Thread-3 (]: Opening a new connection, currently in state init
[0m09:54:10.326322 [debug] [Thread-2 (]: Using postgres connection "test.taxi_analytics.not_null_dim_date_date_key.881d0a31b6"
[0m09:54:10.327060 [debug] [Thread-2 (]: On test.taxi_analytics.not_null_dim_date_date_key.881d0a31b6: /* {"app": "dbt", "dbt_version": "1.12.5", "profile_name": "taxi_analytics", "target_name": "dev", "node_id": "test.taxi_analytics.not_null_dim_date_date_key.881d0a31b6"} */

    
    select
      count(*) as failures,
      count(*) != 0 as should_warn,
      count(*) != 0 as should_error
    from (
      
    
  
    
    



select date_key
from "nyc_taxi"."public_analytics"."dim_date"
where date_key is null



  
  
      
    ) dbt_internal_test
[0m09:54:10.327808 [debug] [Thread-2 (]: Opening a new connection, currently in state init
[0m09:54:10.378546 [debug] [Thread-4 (]: SQL status: SELECT 1 in 0.060 seconds
[0m09:54:10.383254 [debug] [Thread-4 (]: On test.taxi_analytics.not_null_dim_vendor_vendor_id.79e84c8282: ROLLBACK
[0m09:54:10.384258 [debug] [Thread-4 (]: On test.taxi_analytics.not_null_dim_vendor_vendor_id.79e84c8282: Close
[0m09:54:10.385604 [info ] [Thread-4 (]: 4 of 30 PASS not_null_dim_vendor_vendor_id ..................................... [[32mPASS[0m in 0.29s]
[0m09:54:10.387317 [debug] [Thread-4 (]: Finished running node test.taxi_analytics.not_null_dim_vendor_vendor_id.79e84c8282
[0m09:54:10.388654 [debug] [Thread-4 (]: Began running node test.taxi_analytics.not_null_dim_zone_location_id.f8e7c52a01
[0m09:54:10.389968 [debug] [Thread-3 (]: SQL status: SELECT 1 in 0.066 seconds
[0m09:54:10.391334 [debug] [Thread-2 (]: SQL status: SELECT 1 in 0.064 seconds
[0m09:54:10.392725 [debug] [Thread-3 (]: On test.taxi_analytics.not_null_dim_payment_payment_type_id.c380af6369: ROLLBACK
[0m09:54:10.390704 [info ] [Thread-4 (]: 5 of 30 START test not_null_dim_zone_location_id ............................... [RUN]
[0m09:54:10.394044 [debug] [Thread-2 (]: On test.taxi_analytics.not_null_dim_date_date_key.881d0a31b6: ROLLBACK
[0m09:54:10.394704 [debug] [Thread-4 (]: Re-using an available connection from the pool (formerly test.taxi_analytics.not_null_dim_vendor_vendor_id.79e84c8282, now test.taxi_analytics.not_null_dim_zone_location_id.f8e7c52a01)
[0m09:54:10.395320 [debug] [Thread-3 (]: On test.taxi_analytics.not_null_dim_payment_payment_type_id.c380af6369: Close
[0m09:54:10.395681 [debug] [Thread-4 (]: Began compiling node test.taxi_analytics.not_null_dim_zone_location_id.f8e7c52a01
[0m09:54:10.396048 [debug] [Thread-2 (]: On test.taxi_analytics.not_null_dim_date_date_key.881d0a31b6: Close
[0m09:54:10.405802 [debug] [Thread-4 (]: Writing injected SQL for node "test.taxi_analytics.not_null_dim_zone_location_id.f8e7c52a01"
[0m09:54:10.399788 [info ] [Thread-3 (]: 3 of 30 PASS not_null_dim_payment_payment_type_id .............................. [[32mPASS[0m in 0.31s]
[0m09:54:10.406950 [info ] [Thread-2 (]: 2 of 30 PASS not_null_dim_date_date_key ........................................ [[32mPASS[0m in 0.29s]
[0m09:54:10.408547 [debug] [Thread-3 (]: Finished running node test.taxi_analytics.not_null_dim_payment_payment_type_id.c380af6369
[0m09:54:10.409383 [debug] [Thread-2 (]: Finished running node test.taxi_analytics.not_null_dim_date_date_key.881d0a31b6
[0m09:54:10.409989 [debug] [Thread-3 (]: Began running node test.taxi_analytics.not_null_fact_trips_dropoff_zone_id.1cc8cea383
[0m09:54:10.410667 [debug] [Thread-2 (]: Began running node test.taxi_analytics.not_null_fact_trips_payment_type_id.4291f81d77
[0m09:54:10.411919 [debug] [Thread-4 (]: Began executing node test.taxi_analytics.not_null_dim_zone_location_id.f8e7c52a01
[0m09:54:10.411194 [info ] [Thread-3 (]: 6 of 30 START test not_null_fact_trips_dropoff_zone_id ......................... [RUN]
[0m09:54:10.412613 [info ] [Thread-2 (]: 7 of 30 START test not_null_fact_trips_payment_type_id ......................... [RUN]
[0m09:54:10.414342 [debug] [Thread-4 (]: Writing runtime sql for node "test.taxi_analytics.not_null_dim_zone_location_id.f8e7c52a01"
[0m09:54:10.414834 [debug] [Thread-3 (]: Re-using an available connection from the pool (formerly test.taxi_analytics.not_null_dim_payment_payment_type_id.c380af6369, now test.taxi_analytics.not_null_fact_trips_dropoff_zone_id.1cc8cea383)
[0m09:54:10.415957 [debug] [Thread-2 (]: Re-using an available connection from the pool (formerly test.taxi_analytics.not_null_dim_date_date_key.881d0a31b6, now test.taxi_analytics.not_null_fact_trips_payment_type_id.4291f81d77)
[0m09:54:10.417384 [debug] [Thread-3 (]: Began compiling node test.taxi_analytics.not_null_fact_trips_dropoff_zone_id.1cc8cea383
[0m09:54:10.418306 [debug] [Thread-2 (]: Began compiling node test.taxi_analytics.not_null_fact_trips_payment_type_id.4291f81d77
[0m09:54:10.425636 [debug] [Thread-3 (]: Writing injected SQL for node "test.taxi_analytics.not_null_fact_trips_dropoff_zone_id.1cc8cea383"
[0m09:54:10.431417 [debug] [Thread-2 (]: Writing injected SQL for node "test.taxi_analytics.not_null_fact_trips_payment_type_id.4291f81d77"
[0m09:54:10.459977 [debug] [Thread-4 (]: Using postgres connection "test.taxi_analytics.not_null_dim_zone_location_id.f8e7c52a01"
[0m09:54:10.461381 [debug] [Thread-4 (]: On test.taxi_analytics.not_null_dim_zone_location_id.f8e7c52a01: /* {"app": "dbt", "dbt_version": "1.12.5", "profile_name": "taxi_analytics", "target_name": "dev", "node_id": "test.taxi_analytics.not_null_dim_zone_location_id.f8e7c52a01"} */

    
    select
      count(*) as failures,
      count(*) != 0 as should_warn,
      count(*) != 0 as should_error
    from (
      
    
  
    
    



select location_id
from "nyc_taxi"."public_analytics"."dim_zone"
where location_id is null



  
  
      
    ) dbt_internal_test
[0m09:54:10.462376 [debug] [Thread-4 (]: Opening a new connection, currently in state closed
[0m09:54:10.463681 [debug] [Thread-2 (]: Began executing node test.taxi_analytics.not_null_fact_trips_payment_type_id.4291f81d77
[0m09:54:10.464772 [debug] [Thread-3 (]: Began executing node test.taxi_analytics.not_null_fact_trips_dropoff_zone_id.1cc8cea383
[0m09:54:10.468273 [debug] [Thread-2 (]: Writing runtime sql for node "test.taxi_analytics.not_null_fact_trips_payment_type_id.4291f81d77"
[0m09:54:10.472224 [debug] [Thread-3 (]: Writing runtime sql for node "test.taxi_analytics.not_null_fact_trips_dropoff_zone_id.1cc8cea383"
[0m09:54:10.484754 [debug] [Thread-3 (]: Using postgres connection "test.taxi_analytics.not_null_fact_trips_dropoff_zone_id.1cc8cea383"
[0m09:54:10.485597 [debug] [Thread-3 (]: On test.taxi_analytics.not_null_fact_trips_dropoff_zone_id.1cc8cea383: /* {"app": "dbt", "dbt_version": "1.12.5", "profile_name": "taxi_analytics", "target_name": "dev", "node_id": "test.taxi_analytics.not_null_fact_trips_dropoff_zone_id.1cc8cea383"} */

    
    select
      count(*) as failures,
      count(*) != 0 as should_warn,
      count(*) != 0 as should_error
    from (
      
    
  
    
    



select dropoff_zone_id
from "nyc_taxi"."public_analytics"."fact_trips"
where dropoff_zone_id is null



  
  
      
    ) dbt_internal_test
[0m09:54:10.486693 [debug] [Thread-2 (]: Using postgres connection "test.taxi_analytics.not_null_fact_trips_payment_type_id.4291f81d77"
[0m09:54:10.487265 [debug] [Thread-3 (]: Opening a new connection, currently in state closed
[0m09:54:10.488036 [debug] [Thread-2 (]: On test.taxi_analytics.not_null_fact_trips_payment_type_id.4291f81d77: /* {"app": "dbt", "dbt_version": "1.12.5", "profile_name": "taxi_analytics", "target_name": "dev", "node_id": "test.taxi_analytics.not_null_fact_trips_payment_type_id.4291f81d77"} */

    
    select
      count(*) as failures,
      count(*) != 0 as should_warn,
      count(*) != 0 as should_error
    from (
      
    
  
    
    



select payment_type_id
from "nyc_taxi"."public_analytics"."fact_trips"
where payment_type_id is null



  
  
      
    ) dbt_internal_test
[0m09:54:10.488854 [debug] [Thread-2 (]: Opening a new connection, currently in state closed
[0m09:54:10.538898 [debug] [Thread-4 (]: SQL status: SELECT 1 in 0.076 seconds
[0m09:54:10.540407 [debug] [Thread-4 (]: On test.taxi_analytics.not_null_dim_zone_location_id.f8e7c52a01: ROLLBACK
[0m09:54:10.541106 [debug] [Thread-4 (]: On test.taxi_analytics.not_null_dim_zone_location_id.f8e7c52a01: Close
[0m09:54:10.542808 [info ] [Thread-4 (]: 5 of 30 PASS not_null_dim_zone_location_id ..................................... [[32mPASS[0m in 0.15s]
[0m09:54:10.544370 [debug] [Thread-4 (]: Finished running node test.taxi_analytics.not_null_dim_zone_location_id.f8e7c52a01
[0m09:54:10.545306 [debug] [Thread-4 (]: Began running node test.taxi_analytics.not_null_fact_trips_pickup_date_key.d663f93fd8
[0m09:54:10.546091 [info ] [Thread-4 (]: 8 of 30 START test not_null_fact_trips_pickup_date_key ......................... [RUN]
[0m09:54:10.547560 [debug] [Thread-4 (]: Re-using an available connection from the pool (formerly test.taxi_analytics.not_null_dim_zone_location_id.f8e7c52a01, now test.taxi_analytics.not_null_fact_trips_pickup_date_key.d663f93fd8)
[0m09:54:10.548144 [debug] [Thread-4 (]: Began compiling node test.taxi_analytics.not_null_fact_trips_pickup_date_key.d663f93fd8
[0m09:54:10.555412 [debug] [Thread-4 (]: Writing injected SQL for node "test.taxi_analytics.not_null_fact_trips_pickup_date_key.d663f93fd8"
[0m09:54:10.556816 [debug] [Thread-4 (]: Began executing node test.taxi_analytics.not_null_fact_trips_pickup_date_key.d663f93fd8
[0m09:54:10.560077 [debug] [Thread-4 (]: Writing runtime sql for node "test.taxi_analytics.not_null_fact_trips_pickup_date_key.d663f93fd8"
[0m09:54:10.562146 [debug] [Thread-4 (]: Using postgres connection "test.taxi_analytics.not_null_fact_trips_pickup_date_key.d663f93fd8"
[0m09:54:10.563158 [debug] [Thread-4 (]: On test.taxi_analytics.not_null_fact_trips_pickup_date_key.d663f93fd8: /* {"app": "dbt", "dbt_version": "1.12.5", "profile_name": "taxi_analytics", "target_name": "dev", "node_id": "test.taxi_analytics.not_null_fact_trips_pickup_date_key.d663f93fd8"} */

    
    select
      count(*) as failures,
      count(*) != 0 as should_warn,
      count(*) != 0 as should_error
    from (
      
    
  
    
    



select pickup_date_key
from "nyc_taxi"."public_analytics"."fact_trips"
where pickup_date_key is null



  
  
      
    ) dbt_internal_test
[0m09:54:10.564003 [debug] [Thread-4 (]: Opening a new connection, currently in state closed
[0m09:55:42.593092 [debug] [Thread-2 (]: SQL status: SELECT 1 in 92.094 seconds
[0m09:55:42.594851 [debug] [Thread-2 (]: On test.taxi_analytics.not_null_fact_trips_payment_type_id.4291f81d77: ROLLBACK
[0m09:55:42.595358 [debug] [Thread-3 (]: SQL status: SELECT 1 in 92.098 seconds
[0m09:55:42.596628 [debug] [Thread-3 (]: On test.taxi_analytics.not_null_fact_trips_dropoff_zone_id.1cc8cea383: ROLLBACK
[0m09:55:42.597081 [debug] [Thread-2 (]: On test.taxi_analytics.not_null_fact_trips_payment_type_id.4291f81d77: Close
[0m09:55:42.597624 [debug] [Thread-3 (]: On test.taxi_analytics.not_null_fact_trips_dropoff_zone_id.1cc8cea383: Close
[0m09:55:42.598655 [info ] [Thread-2 (]: 7 of 30 PASS not_null_fact_trips_payment_type_id ............................... [[32mPASS[0m in 92.18s]
[0m09:55:42.600878 [debug] [Thread-2 (]: Finished running node test.taxi_analytics.not_null_fact_trips_payment_type_id.4291f81d77
[0m09:55:42.601653 [debug] [Thread-2 (]: Began running node test.taxi_analytics.not_null_fact_trips_pickup_zone_id.370171785b
[0m09:55:42.599668 [info ] [Thread-3 (]: 6 of 30 PASS not_null_fact_trips_dropoff_zone_id ............................... [[32mPASS[0m in 92.18s]
[0m09:55:42.603085 [info ] [Thread-2 (]: 9 of 30 START test not_null_fact_trips_pickup_zone_id .......................... [RUN]
[0m09:55:42.603981 [debug] [Thread-3 (]: Finished running node test.taxi_analytics.not_null_fact_trips_dropoff_zone_id.1cc8cea383
[0m09:55:42.604483 [debug] [Thread-2 (]: Re-using an available connection from the pool (formerly test.taxi_analytics.not_null_fact_trips_payment_type_id.4291f81d77, now test.taxi_analytics.not_null_fact_trips_pickup_zone_id.370171785b)
[0m09:55:42.605124 [debug] [Thread-3 (]: Began running node test.taxi_analytics.not_null_fact_trips_trip_id.6b89049442
[0m09:55:42.605573 [debug] [Thread-2 (]: Began compiling node test.taxi_analytics.not_null_fact_trips_pickup_zone_id.370171785b
[0m09:55:42.606305 [info ] [Thread-3 (]: 10 of 30 START test not_null_fact_trips_trip_id ................................ [RUN]
[0m09:55:42.615967 [debug] [Thread-2 (]: Writing injected SQL for node "test.taxi_analytics.not_null_fact_trips_pickup_zone_id.370171785b"
[0m09:55:42.616609 [debug] [Thread-3 (]: Re-using an available connection from the pool (formerly test.taxi_analytics.not_null_fact_trips_dropoff_zone_id.1cc8cea383, now test.taxi_analytics.not_null_fact_trips_trip_id.6b89049442)
[0m09:55:42.617353 [debug] [Thread-3 (]: Began compiling node test.taxi_analytics.not_null_fact_trips_trip_id.6b89049442
[0m09:55:42.623984 [debug] [Thread-3 (]: Writing injected SQL for node "test.taxi_analytics.not_null_fact_trips_trip_id.6b89049442"
[0m09:55:42.625292 [debug] [Thread-2 (]: Began executing node test.taxi_analytics.not_null_fact_trips_pickup_zone_id.370171785b
[0m09:55:42.628582 [debug] [Thread-2 (]: Writing runtime sql for node "test.taxi_analytics.not_null_fact_trips_pickup_zone_id.370171785b"
[0m09:55:42.722581 [debug] [Thread-3 (]: Began executing node test.taxi_analytics.not_null_fact_trips_trip_id.6b89049442
[0m09:55:42.726544 [debug] [Thread-3 (]: Writing runtime sql for node "test.taxi_analytics.not_null_fact_trips_trip_id.6b89049442"
[0m09:55:42.727483 [debug] [Thread-2 (]: Using postgres connection "test.taxi_analytics.not_null_fact_trips_pickup_zone_id.370171785b"
[0m09:55:42.728148 [debug] [Thread-2 (]: On test.taxi_analytics.not_null_fact_trips_pickup_zone_id.370171785b: /* {"app": "dbt", "dbt_version": "1.12.5", "profile_name": "taxi_analytics", "target_name": "dev", "node_id": "test.taxi_analytics.not_null_fact_trips_pickup_zone_id.370171785b"} */

    
    select
      count(*) as failures,
      count(*) != 0 as should_warn,
      count(*) != 0 as should_error
    from (
      
    
  
    
    



select pickup_zone_id
from "nyc_taxi"."public_analytics"."fact_trips"
where pickup_zone_id is null



  
  
      
    ) dbt_internal_test
[0m09:55:42.729084 [debug] [Thread-2 (]: Opening a new connection, currently in state closed
[0m09:55:42.730897 [debug] [Thread-3 (]: Using postgres connection "test.taxi_analytics.not_null_fact_trips_trip_id.6b89049442"
[0m09:55:42.731825 [debug] [Thread-3 (]: On test.taxi_analytics.not_null_fact_trips_trip_id.6b89049442: /* {"app": "dbt", "dbt_version": "1.12.5", "profile_name": "taxi_analytics", "target_name": "dev", "node_id": "test.taxi_analytics.not_null_fact_trips_trip_id.6b89049442"} */

    
    select
      count(*) as failures,
      count(*) != 0 as should_warn,
      count(*) != 0 as should_error
    from (
      
    
  
    
    



select trip_id
from "nyc_taxi"."public_analytics"."fact_trips"
where trip_id is null



  
  
      
    ) dbt_internal_test
[0m09:55:42.732353 [debug] [Thread-3 (]: Opening a new connection, currently in state closed
[0m09:55:43.516673 [debug] [Thread-4 (]: SQL status: SELECT 1 in 92.942 seconds
[0m09:55:43.522491 [debug] [Thread-4 (]: On test.taxi_analytics.not_null_fact_trips_pickup_date_key.d663f93fd8: ROLLBACK
[0m09:55:43.523299 [debug] [Thread-4 (]: On test.taxi_analytics.not_null_fact_trips_pickup_date_key.d663f93fd8: Close
[0m09:55:43.523937 [info ] [Thread-4 (]: 8 of 30 PASS not_null_fact_trips_pickup_date_key ............................... [[32mPASS[0m in 92.98s]
[0m09:55:43.525309 [debug] [Thread-4 (]: Finished running node test.taxi_analytics.not_null_fact_trips_pickup_date_key.d663f93fd8
[0m09:55:43.525942 [debug] [Thread-4 (]: Began running node test.taxi_analytics.not_null_fact_trips_vendor_id.5a114f23ff
[0m09:55:43.526667 [info ] [Thread-4 (]: 11 of 30 START test not_null_fact_trips_vendor_id .............................. [RUN]
[0m09:55:43.527998 [debug] [Thread-4 (]: Re-using an available connection from the pool (formerly test.taxi_analytics.not_null_fact_trips_pickup_date_key.d663f93fd8, now test.taxi_analytics.not_null_fact_trips_vendor_id.5a114f23ff)
[0m09:55:43.528383 [debug] [Thread-4 (]: Began compiling node test.taxi_analytics.not_null_fact_trips_vendor_id.5a114f23ff
[0m09:55:43.535294 [debug] [Thread-4 (]: Writing injected SQL for node "test.taxi_analytics.not_null_fact_trips_vendor_id.5a114f23ff"
[0m09:55:43.536407 [debug] [Thread-4 (]: Began executing node test.taxi_analytics.not_null_fact_trips_vendor_id.5a114f23ff
[0m09:55:43.538318 [debug] [Thread-4 (]: Writing runtime sql for node "test.taxi_analytics.not_null_fact_trips_vendor_id.5a114f23ff"
[0m09:55:43.540144 [debug] [Thread-4 (]: Using postgres connection "test.taxi_analytics.not_null_fact_trips_vendor_id.5a114f23ff"
[0m09:55:43.540965 [debug] [Thread-4 (]: On test.taxi_analytics.not_null_fact_trips_vendor_id.5a114f23ff: /* {"app": "dbt", "dbt_version": "1.12.5", "profile_name": "taxi_analytics", "target_name": "dev", "node_id": "test.taxi_analytics.not_null_fact_trips_vendor_id.5a114f23ff"} */

    
    select
      count(*) as failures,
      count(*) != 0 as should_warn,
      count(*) != 0 as should_error
    from (
      
    
  
    
    



select vendor_id
from "nyc_taxi"."public_analytics"."fact_trips"
where vendor_id is null



  
  
      
    ) dbt_internal_test
[0m09:55:43.541796 [debug] [Thread-4 (]: Opening a new connection, currently in state closed
[0m09:55:44.078037 [debug] [Thread-1 (]: SQL status: SELECT 1 in 93.906 seconds
[0m09:55:44.079908 [debug] [Thread-1 (]: On test.taxi_analytics.accepted_values_stg_trips_payment_type__0__1__2__3__4__5__6.0972e03b73: ROLLBACK
[0m09:55:44.080727 [debug] [Thread-1 (]: On test.taxi_analytics.accepted_values_stg_trips_payment_type__0__1__2__3__4__5__6.0972e03b73: Close
[0m09:55:44.081460 [info ] [Thread-1 (]: 1 of 30 PASS accepted_values_stg_trips_payment_type__0__1__2__3__4__5__6 ....... [[32mPASS[0m in 93.99s]
[0m09:55:44.082665 [debug] [Thread-1 (]: Finished running node test.taxi_analytics.accepted_values_stg_trips_payment_type__0__1__2__3__4__5__6.0972e03b73
[0m09:55:44.083431 [debug] [Thread-1 (]: Began running node test.taxi_analytics.not_null_stg_trips_dropoff_datetime.40138f282b
[0m09:55:44.084474 [info ] [Thread-1 (]: 12 of 30 START test not_null_stg_trips_dropoff_datetime ........................ [RUN]
[0m09:55:44.085827 [debug] [Thread-1 (]: Re-using an available connection from the pool (formerly test.taxi_analytics.accepted_values_stg_trips_payment_type__0__1__2__3__4__5__6.0972e03b73, now test.taxi_analytics.not_null_stg_trips_dropoff_datetime.40138f282b)
[0m09:55:44.086324 [debug] [Thread-1 (]: Began compiling node test.taxi_analytics.not_null_stg_trips_dropoff_datetime.40138f282b
[0m09:55:44.094551 [debug] [Thread-1 (]: Writing injected SQL for node "test.taxi_analytics.not_null_stg_trips_dropoff_datetime.40138f282b"
[0m09:55:44.095664 [debug] [Thread-1 (]: Began executing node test.taxi_analytics.not_null_stg_trips_dropoff_datetime.40138f282b
[0m09:55:44.097582 [debug] [Thread-1 (]: Writing runtime sql for node "test.taxi_analytics.not_null_stg_trips_dropoff_datetime.40138f282b"
[0m09:55:44.098788 [debug] [Thread-1 (]: Using postgres connection "test.taxi_analytics.not_null_stg_trips_dropoff_datetime.40138f282b"
[0m09:55:44.099321 [debug] [Thread-1 (]: On test.taxi_analytics.not_null_stg_trips_dropoff_datetime.40138f282b: /* {"app": "dbt", "dbt_version": "1.12.5", "profile_name": "taxi_analytics", "target_name": "dev", "node_id": "test.taxi_analytics.not_null_stg_trips_dropoff_datetime.40138f282b"} */

    
    select
      count(*) as failures,
      count(*) != 0 as should_warn,
      count(*) != 0 as should_error
    from (
      
    
  
    
    



select dropoff_datetime
from "nyc_taxi"."public_staging"."stg_trips"
where dropoff_datetime is null



  
  
      
    ) dbt_internal_test
[0m09:55:44.099744 [debug] [Thread-1 (]: Opening a new connection, currently in state closed
[0m09:56:06.484823 [debug] [Thread-3 (]: SQL status: SELECT 1 in 23.750 seconds
[0m09:56:06.486332 [debug] [Thread-3 (]: On test.taxi_analytics.not_null_fact_trips_trip_id.6b89049442: ROLLBACK
[0m09:56:06.487031 [debug] [Thread-3 (]: On test.taxi_analytics.not_null_fact_trips_trip_id.6b89049442: Close
[0m09:56:06.487794 [info ] [Thread-3 (]: 10 of 30 PASS not_null_fact_trips_trip_id ...................................... [[32mPASS[0m in 23.87s]
[0m09:56:06.488899 [debug] [Thread-3 (]: Finished running node test.taxi_analytics.not_null_fact_trips_trip_id.6b89049442
[0m09:56:06.489502 [debug] [Thread-3 (]: Began running node test.taxi_analytics.not_null_stg_trips_pickup_datetime.4df9e7a15c
[0m09:56:06.490787 [info ] [Thread-3 (]: 13 of 30 START test not_null_stg_trips_pickup_datetime ......................... [RUN]
[0m09:56:06.493096 [debug] [Thread-3 (]: Re-using an available connection from the pool (formerly test.taxi_analytics.not_null_fact_trips_trip_id.6b89049442, now test.taxi_analytics.not_null_stg_trips_pickup_datetime.4df9e7a15c)
[0m09:56:06.493687 [debug] [Thread-3 (]: Began compiling node test.taxi_analytics.not_null_stg_trips_pickup_datetime.4df9e7a15c
[0m09:56:06.502993 [debug] [Thread-3 (]: Writing injected SQL for node "test.taxi_analytics.not_null_stg_trips_pickup_datetime.4df9e7a15c"
[0m09:56:06.504525 [debug] [Thread-3 (]: Began executing node test.taxi_analytics.not_null_stg_trips_pickup_datetime.4df9e7a15c
[0m09:56:06.507643 [debug] [Thread-3 (]: Writing runtime sql for node "test.taxi_analytics.not_null_stg_trips_pickup_datetime.4df9e7a15c"
[0m09:56:06.509407 [debug] [Thread-3 (]: Using postgres connection "test.taxi_analytics.not_null_stg_trips_pickup_datetime.4df9e7a15c"
[0m09:56:06.509945 [debug] [Thread-3 (]: On test.taxi_analytics.not_null_stg_trips_pickup_datetime.4df9e7a15c: /* {"app": "dbt", "dbt_version": "1.12.5", "profile_name": "taxi_analytics", "target_name": "dev", "node_id": "test.taxi_analytics.not_null_stg_trips_pickup_datetime.4df9e7a15c"} */

    
    select
      count(*) as failures,
      count(*) != 0 as should_warn,
      count(*) != 0 as should_error
    from (
      
    
  
    
    



select pickup_datetime
from "nyc_taxi"."public_staging"."stg_trips"
where pickup_datetime is null



  
  
      
    ) dbt_internal_test
[0m09:56:06.510448 [debug] [Thread-3 (]: Opening a new connection, currently in state closed
[0m09:56:06.537955 [debug] [Thread-2 (]: SQL status: SELECT 1 in 23.806 seconds
[0m09:56:06.539323 [debug] [Thread-2 (]: On test.taxi_analytics.not_null_fact_trips_pickup_zone_id.370171785b: ROLLBACK
[0m09:56:06.539872 [debug] [Thread-2 (]: On test.taxi_analytics.not_null_fact_trips_pickup_zone_id.370171785b: Close
[0m09:56:06.540507 [info ] [Thread-2 (]: 9 of 30 PASS not_null_fact_trips_pickup_zone_id ................................ [[32mPASS[0m in 23.94s]
[0m09:56:06.541786 [debug] [Thread-2 (]: Finished running node test.taxi_analytics.not_null_fact_trips_pickup_zone_id.370171785b
[0m09:56:06.542487 [debug] [Thread-2 (]: Began running node test.taxi_analytics.not_null_stg_trips_trip_id.159f524fc2
[0m09:56:06.543386 [info ] [Thread-2 (]: 14 of 30 START test not_null_stg_trips_trip_id ................................. [RUN]
[0m09:56:06.544733 [debug] [Thread-2 (]: Re-using an available connection from the pool (formerly test.taxi_analytics.not_null_fact_trips_pickup_zone_id.370171785b, now test.taxi_analytics.not_null_stg_trips_trip_id.159f524fc2)
[0m09:56:06.545125 [debug] [Thread-2 (]: Began compiling node test.taxi_analytics.not_null_stg_trips_trip_id.159f524fc2
[0m09:56:06.552283 [debug] [Thread-2 (]: Writing injected SQL for node "test.taxi_analytics.not_null_stg_trips_trip_id.159f524fc2"
[0m09:56:06.553602 [debug] [Thread-2 (]: Began executing node test.taxi_analytics.not_null_stg_trips_trip_id.159f524fc2
[0m09:56:06.556000 [debug] [Thread-2 (]: Writing runtime sql for node "test.taxi_analytics.not_null_stg_trips_trip_id.159f524fc2"
[0m09:56:06.558273 [debug] [Thread-2 (]: Using postgres connection "test.taxi_analytics.not_null_stg_trips_trip_id.159f524fc2"
[0m09:56:06.558979 [debug] [Thread-2 (]: On test.taxi_analytics.not_null_stg_trips_trip_id.159f524fc2: /* {"app": "dbt", "dbt_version": "1.12.5", "profile_name": "taxi_analytics", "target_name": "dev", "node_id": "test.taxi_analytics.not_null_stg_trips_trip_id.159f524fc2"} */

    
    select
      count(*) as failures,
      count(*) != 0 as should_warn,
      count(*) != 0 as should_error
    from (
      
    
  
    
    



select trip_id
from "nyc_taxi"."public_staging"."stg_trips"
where trip_id is null



  
  
      
    ) dbt_internal_test
[0m09:56:06.559335 [debug] [Thread-2 (]: Opening a new connection, currently in state closed
[0m09:56:06.721719 [debug] [Thread-4 (]: SQL status: SELECT 1 in 23.177 seconds
[0m09:56:06.723882 [debug] [Thread-4 (]: On test.taxi_analytics.not_null_fact_trips_vendor_id.5a114f23ff: ROLLBACK
[0m09:56:06.724651 [debug] [Thread-4 (]: On test.taxi_analytics.not_null_fact_trips_vendor_id.5a114f23ff: Close
[0m09:56:06.725330 [info ] [Thread-4 (]: 11 of 30 PASS not_null_fact_trips_vendor_id .................................... [[32mPASS[0m in 23.20s]
[0m09:56:06.726273 [debug] [Thread-4 (]: Finished running node test.taxi_analytics.not_null_fact_trips_vendor_id.5a114f23ff
[0m09:56:06.726922 [debug] [Thread-4 (]: Began running node test.taxi_analytics.not_null_stg_trips_vendor_id.d0147d1fcd
[0m09:56:06.727530 [info ] [Thread-4 (]: 15 of 30 START test not_null_stg_trips_vendor_id ............................... [RUN]
[0m09:56:06.728414 [debug] [Thread-4 (]: Re-using an available connection from the pool (formerly test.taxi_analytics.not_null_fact_trips_vendor_id.5a114f23ff, now test.taxi_analytics.not_null_stg_trips_vendor_id.d0147d1fcd)
[0m09:56:06.729293 [debug] [Thread-4 (]: Began compiling node test.taxi_analytics.not_null_stg_trips_vendor_id.d0147d1fcd
[0m09:56:06.737100 [debug] [Thread-4 (]: Writing injected SQL for node "test.taxi_analytics.not_null_stg_trips_vendor_id.d0147d1fcd"
[0m09:56:06.739586 [debug] [Thread-4 (]: Began executing node test.taxi_analytics.not_null_stg_trips_vendor_id.d0147d1fcd
[0m09:56:06.743103 [debug] [Thread-4 (]: Writing runtime sql for node "test.taxi_analytics.not_null_stg_trips_vendor_id.d0147d1fcd"
[0m09:56:06.744457 [debug] [Thread-4 (]: Using postgres connection "test.taxi_analytics.not_null_stg_trips_vendor_id.d0147d1fcd"
[0m09:56:06.744988 [debug] [Thread-4 (]: On test.taxi_analytics.not_null_stg_trips_vendor_id.d0147d1fcd: /* {"app": "dbt", "dbt_version": "1.12.5", "profile_name": "taxi_analytics", "target_name": "dev", "node_id": "test.taxi_analytics.not_null_stg_trips_vendor_id.d0147d1fcd"} */

    
    select
      count(*) as failures,
      count(*) != 0 as should_warn,
      count(*) != 0 as should_error
    from (
      
    
  
    
    



select vendor_id
from "nyc_taxi"."public_staging"."stg_trips"
where vendor_id is null



  
  
      
    ) dbt_internal_test
[0m09:56:06.745515 [debug] [Thread-4 (]: Opening a new connection, currently in state closed
[0m09:56:20.107870 [debug] [Thread-3 (]: SQL status: SELECT 1 in 13.596 seconds
[0m09:56:20.108507 [debug] [Thread-4 (]: SQL status: SELECT 1 in 13.361 seconds
[0m09:56:20.110205 [debug] [Thread-3 (]: On test.taxi_analytics.not_null_stg_trips_pickup_datetime.4df9e7a15c: ROLLBACK
[0m09:56:20.110716 [debug] [Thread-1 (]: SQL status: SELECT 1 in 36.007 seconds
[0m09:56:20.112160 [debug] [Thread-4 (]: On test.taxi_analytics.not_null_stg_trips_vendor_id.d0147d1fcd: ROLLBACK
[0m09:56:20.113685 [debug] [Thread-1 (]: On test.taxi_analytics.not_null_stg_trips_dropoff_datetime.40138f282b: ROLLBACK
[0m09:56:20.114122 [debug] [Thread-3 (]: On test.taxi_analytics.not_null_stg_trips_pickup_datetime.4df9e7a15c: Close
[0m09:56:20.115767 [debug] [Thread-4 (]: On test.taxi_analytics.not_null_stg_trips_vendor_id.d0147d1fcd: Close
[0m09:56:20.115076 [info ] [Thread-3 (]: 13 of 30 PASS not_null_stg_trips_pickup_datetime ............................... [[32mPASS[0m in 13.62s]
[0m09:56:20.116688 [debug] [Thread-1 (]: On test.taxi_analytics.not_null_stg_trips_dropoff_datetime.40138f282b: Close
[0m09:56:20.118210 [debug] [Thread-3 (]: Finished running node test.taxi_analytics.not_null_stg_trips_pickup_datetime.4df9e7a15c
[0m09:56:20.120153 [info ] [Thread-4 (]: 15 of 30 PASS not_null_stg_trips_vendor_id ..................................... [[32mPASS[0m in 13.39s]
[0m09:56:20.121547 [info ] [Thread-1 (]: 12 of 30 PASS not_null_stg_trips_dropoff_datetime .............................. [[32mPASS[0m in 36.04s]
[0m09:56:20.122590 [debug] [Thread-3 (]: Began running node test.taxi_analytics.not_null_stg_zones_location_id.244b100d38
[0m09:56:20.123692 [debug] [Thread-4 (]: Finished running node test.taxi_analytics.not_null_stg_trips_vendor_id.d0147d1fcd
[0m09:56:20.124649 [debug] [Thread-1 (]: Finished running node test.taxi_analytics.not_null_stg_trips_dropoff_datetime.40138f282b
[0m09:56:20.126340 [debug] [Thread-4 (]: Began running node test.taxi_analytics.relationships_fact_trips_dropoff_zone_id__location_id__ref_dim_zone_.c1d74aab47
[0m09:56:20.125498 [info ] [Thread-3 (]: 16 of 30 START test not_null_stg_zones_location_id ............................. [RUN]
[0m09:56:20.127399 [debug] [Thread-1 (]: Began running node test.taxi_analytics.relationships_fact_trips_payment_type_id__payment_type_id__ref_dim_payment_.72c542bc6b
[0m09:56:20.129441 [debug] [Thread-3 (]: Re-using an available connection from the pool (formerly test.taxi_analytics.not_null_stg_trips_pickup_datetime.4df9e7a15c, now test.taxi_analytics.not_null_stg_zones_location_id.244b100d38)
[0m09:56:20.128614 [info ] [Thread-4 (]: 17 of 30 START test relationships_fact_trips_dropoff_zone_id__location_id__ref_dim_zone_  [RUN]
[0m09:56:20.131114 [debug] [Thread-3 (]: Began compiling node test.taxi_analytics.not_null_stg_zones_location_id.244b100d38
[0m09:56:20.130609 [info ] [Thread-1 (]: 18 of 30 START test relationships_fact_trips_payment_type_id__payment_type_id__ref_dim_payment_  [RUN]
[0m09:56:20.132143 [debug] [Thread-4 (]: Re-using an available connection from the pool (formerly test.taxi_analytics.not_null_stg_trips_vendor_id.d0147d1fcd, now test.taxi_analytics.relationships_fact_trips_dropoff_zone_id__location_id__ref_dim_zone_.c1d74aab47)
[0m09:56:20.138509 [debug] [Thread-3 (]: Writing injected SQL for node "test.taxi_analytics.not_null_stg_zones_location_id.244b100d38"
[0m09:56:20.139112 [debug] [Thread-1 (]: Re-using an available connection from the pool (formerly test.taxi_analytics.not_null_stg_trips_dropoff_datetime.40138f282b, now test.taxi_analytics.relationships_fact_trips_payment_type_id__payment_type_id__ref_dim_payment_.72c542bc6b)
[0m09:56:20.139572 [debug] [Thread-4 (]: Began compiling node test.taxi_analytics.relationships_fact_trips_dropoff_zone_id__location_id__ref_dim_zone_.c1d74aab47
[0m09:56:20.140088 [debug] [Thread-1 (]: Began compiling node test.taxi_analytics.relationships_fact_trips_payment_type_id__payment_type_id__ref_dim_payment_.72c542bc6b
[0m09:56:20.161074 [debug] [Thread-4 (]: Writing injected SQL for node "test.taxi_analytics.relationships_fact_trips_dropoff_zone_id__location_id__ref_dim_zone_.c1d74aab47"
[0m09:56:20.176039 [debug] [Thread-1 (]: Writing injected SQL for node "test.taxi_analytics.relationships_fact_trips_payment_type_id__payment_type_id__ref_dim_payment_.72c542bc6b"
[0m09:56:20.177640 [debug] [Thread-3 (]: Began executing node test.taxi_analytics.not_null_stg_zones_location_id.244b100d38
[0m09:56:20.180704 [debug] [Thread-3 (]: Writing runtime sql for node "test.taxi_analytics.not_null_stg_zones_location_id.244b100d38"
[0m09:56:20.181826 [debug] [Thread-4 (]: Began executing node test.taxi_analytics.relationships_fact_trips_dropoff_zone_id__location_id__ref_dim_zone_.c1d74aab47
[0m09:56:20.182480 [debug] [Thread-1 (]: Began executing node test.taxi_analytics.relationships_fact_trips_payment_type_id__payment_type_id__ref_dim_payment_.72c542bc6b
[0m09:56:20.185905 [debug] [Thread-4 (]: Writing runtime sql for node "test.taxi_analytics.relationships_fact_trips_dropoff_zone_id__location_id__ref_dim_zone_.c1d74aab47"
[0m09:56:20.188161 [debug] [Thread-1 (]: Writing runtime sql for node "test.taxi_analytics.relationships_fact_trips_payment_type_id__payment_type_id__ref_dim_payment_.72c542bc6b"
[0m09:56:20.189137 [debug] [Thread-3 (]: Using postgres connection "test.taxi_analytics.not_null_stg_zones_location_id.244b100d38"
[0m09:56:20.189980 [debug] [Thread-3 (]: On test.taxi_analytics.not_null_stg_zones_location_id.244b100d38: /* {"app": "dbt", "dbt_version": "1.12.5", "profile_name": "taxi_analytics", "target_name": "dev", "node_id": "test.taxi_analytics.not_null_stg_zones_location_id.244b100d38"} */

    
    select
      count(*) as failures,
      count(*) != 0 as should_warn,
      count(*) != 0 as should_error
    from (
      
    
  
    
    



select location_id
from "nyc_taxi"."public_staging"."stg_zones"
where location_id is null



  
  
      
    ) dbt_internal_test
[0m09:56:20.190713 [debug] [Thread-3 (]: Opening a new connection, currently in state closed
[0m09:56:20.281985 [debug] [Thread-4 (]: Using postgres connection "test.taxi_analytics.relationships_fact_trips_dropoff_zone_id__location_id__ref_dim_zone_.c1d74aab47"
[0m09:56:20.282503 [debug] [Thread-4 (]: On test.taxi_analytics.relationships_fact_trips_dropoff_zone_id__location_id__ref_dim_zone_.c1d74aab47: /* {"app": "dbt", "dbt_version": "1.12.5", "profile_name": "taxi_analytics", "target_name": "dev", "node_id": "test.taxi_analytics.relationships_fact_trips_dropoff_zone_id__location_id__ref_dim_zone_.c1d74aab47"} */

    
    select
      count(*) as failures,
      count(*) != 0 as should_warn,
      count(*) != 0 as should_error
    from (
      
    
  
    
    

with child as (
    select dropoff_zone_id as from_field
    from "nyc_taxi"."public_analytics"."fact_trips"
    where dropoff_zone_id is not null
),

parent as (
    select location_id as to_field
    from "nyc_taxi"."public_analytics"."dim_zone"
)

select
    from_field

from child
left join parent
    on child.from_field = parent.to_field

where parent.to_field is null



  
  
      
    ) dbt_internal_test
[0m09:56:20.282881 [debug] [Thread-4 (]: Opening a new connection, currently in state closed
[0m09:56:20.283781 [debug] [Thread-1 (]: Using postgres connection "test.taxi_analytics.relationships_fact_trips_payment_type_id__payment_type_id__ref_dim_payment_.72c542bc6b"
[0m09:56:20.284608 [debug] [Thread-1 (]: On test.taxi_analytics.relationships_fact_trips_payment_type_id__payment_type_id__ref_dim_payment_.72c542bc6b: /* {"app": "dbt", "dbt_version": "1.12.5", "profile_name": "taxi_analytics", "target_name": "dev", "node_id": "test.taxi_analytics.relationships_fact_trips_payment_type_id__payment_type_id__ref_dim_payment_.72c542bc6b"} */

    
    select
      count(*) as failures,
      count(*) != 0 as should_warn,
      count(*) != 0 as should_error
    from (
      
    
  
    
    

with child as (
    select payment_type_id as from_field
    from "nyc_taxi"."public_analytics"."fact_trips"
    where payment_type_id is not null
),

parent as (
    select payment_type_id as to_field
    from "nyc_taxi"."public_analytics"."dim_payment"
)

select
    from_field

from child
left join parent
    on child.from_field = parent.to_field

where parent.to_field is null



  
  
      
    ) dbt_internal_test
[0m09:56:20.285415 [debug] [Thread-1 (]: Opening a new connection, currently in state closed
[0m09:56:20.377145 [debug] [Thread-3 (]: SQL status: SELECT 1 in 0.186 seconds
[0m09:56:20.378673 [debug] [Thread-3 (]: On test.taxi_analytics.not_null_stg_zones_location_id.244b100d38: ROLLBACK
[0m09:56:20.379286 [debug] [Thread-3 (]: On test.taxi_analytics.not_null_stg_zones_location_id.244b100d38: Close
[0m09:56:20.380077 [info ] [Thread-3 (]: 16 of 30 PASS not_null_stg_zones_location_id ................................... [[32mPASS[0m in 0.25s]
[0m09:56:20.381620 [debug] [Thread-3 (]: Finished running node test.taxi_analytics.not_null_stg_zones_location_id.244b100d38
[0m09:56:20.382293 [debug] [Thread-3 (]: Began running node test.taxi_analytics.relationships_fact_trips_pickup_date_key__date_key__ref_dim_date_.497ae32f88
[0m09:56:20.384049 [info ] [Thread-3 (]: 19 of 30 START test relationships_fact_trips_pickup_date_key__date_key__ref_dim_date_  [RUN]
[0m09:56:20.385206 [debug] [Thread-3 (]: Re-using an available connection from the pool (formerly test.taxi_analytics.not_null_stg_zones_location_id.244b100d38, now test.taxi_analytics.relationships_fact_trips_pickup_date_key__date_key__ref_dim_date_.497ae32f88)
[0m09:56:20.385956 [debug] [Thread-3 (]: Began compiling node test.taxi_analytics.relationships_fact_trips_pickup_date_key__date_key__ref_dim_date_.497ae32f88
[0m09:56:20.411888 [debug] [Thread-3 (]: Writing injected SQL for node "test.taxi_analytics.relationships_fact_trips_pickup_date_key__date_key__ref_dim_date_.497ae32f88"
[0m09:56:20.413754 [debug] [Thread-3 (]: Began executing node test.taxi_analytics.relationships_fact_trips_pickup_date_key__date_key__ref_dim_date_.497ae32f88
[0m09:56:20.417603 [debug] [Thread-3 (]: Writing runtime sql for node "test.taxi_analytics.relationships_fact_trips_pickup_date_key__date_key__ref_dim_date_.497ae32f88"
[0m09:56:20.419745 [debug] [Thread-3 (]: Using postgres connection "test.taxi_analytics.relationships_fact_trips_pickup_date_key__date_key__ref_dim_date_.497ae32f88"
[0m09:56:20.420679 [debug] [Thread-3 (]: On test.taxi_analytics.relationships_fact_trips_pickup_date_key__date_key__ref_dim_date_.497ae32f88: /* {"app": "dbt", "dbt_version": "1.12.5", "profile_name": "taxi_analytics", "target_name": "dev", "node_id": "test.taxi_analytics.relationships_fact_trips_pickup_date_key__date_key__ref_dim_date_.497ae32f88"} */

    
    select
      count(*) as failures,
      count(*) != 0 as should_warn,
      count(*) != 0 as should_error
    from (
      
    
  
    
    

with child as (
    select pickup_date_key as from_field
    from "nyc_taxi"."public_analytics"."fact_trips"
    where pickup_date_key is not null
),

parent as (
    select date_key as to_field
    from "nyc_taxi"."public_analytics"."dim_date"
)

select
    from_field

from child
left join parent
    on child.from_field = parent.to_field

where parent.to_field is null



  
  
      
    ) dbt_internal_test
[0m09:56:20.421532 [debug] [Thread-3 (]: Opening a new connection, currently in state closed
[0m09:56:21.784052 [debug] [Thread-1 (]: SQL status: SELECT 1 in 1.498 seconds
[0m09:56:21.786538 [debug] [Thread-1 (]: On test.taxi_analytics.relationships_fact_trips_payment_type_id__payment_type_id__ref_dim_payment_.72c542bc6b: ROLLBACK
[0m09:56:21.787579 [debug] [Thread-1 (]: On test.taxi_analytics.relationships_fact_trips_payment_type_id__payment_type_id__ref_dim_payment_.72c542bc6b: Close
[0m09:56:21.788352 [debug] [Thread-4 (]: SQL status: SELECT 1 in 1.505 seconds
[0m09:56:21.791063 [debug] [Thread-4 (]: On test.taxi_analytics.relationships_fact_trips_dropoff_zone_id__location_id__ref_dim_zone_.c1d74aab47: ROLLBACK
[0m09:56:21.793169 [debug] [Thread-4 (]: On test.taxi_analytics.relationships_fact_trips_dropoff_zone_id__location_id__ref_dim_zone_.c1d74aab47: Close
[0m09:56:21.792238 [info ] [Thread-1 (]: 18 of 30 PASS relationships_fact_trips_payment_type_id__payment_type_id__ref_dim_payment_  [[32mPASS[0m in 1.65s]
[0m09:56:21.797656 [debug] [Thread-1 (]: Finished running node test.taxi_analytics.relationships_fact_trips_payment_type_id__payment_type_id__ref_dim_payment_.72c542bc6b
[0m09:56:21.794383 [info ] [Thread-4 (]: 17 of 30 PASS relationships_fact_trips_dropoff_zone_id__location_id__ref_dim_zone_  [[32mPASS[0m in 1.66s]
[0m09:56:21.800118 [debug] [Thread-1 (]: Began running node test.taxi_analytics.relationships_fact_trips_pickup_zone_id__location_id__ref_dim_zone_.2c158af857
[0m09:56:21.801386 [debug] [Thread-4 (]: Finished running node test.taxi_analytics.relationships_fact_trips_dropoff_zone_id__location_id__ref_dim_zone_.c1d74aab47
[0m09:56:21.802830 [debug] [Thread-4 (]: Began running node test.taxi_analytics.relationships_fact_trips_vendor_id__vendor_id__ref_dim_vendor_.2d640c319c
[0m09:56:21.802134 [info ] [Thread-1 (]: 20 of 30 START test relationships_fact_trips_pickup_zone_id__location_id__ref_dim_zone_  [RUN]
[0m09:56:21.804799 [debug] [Thread-1 (]: Re-using an available connection from the pool (formerly test.taxi_analytics.relationships_fact_trips_payment_type_id__payment_type_id__ref_dim_payment_.72c542bc6b, now test.taxi_analytics.relationships_fact_trips_pickup_zone_id__location_id__ref_dim_zone_.2c158af857)
[0m09:56:21.803772 [info ] [Thread-4 (]: 21 of 30 START test relationships_fact_trips_vendor_id__vendor_id__ref_dim_vendor_  [RUN]
[0m09:56:21.805765 [debug] [Thread-1 (]: Began compiling node test.taxi_analytics.relationships_fact_trips_pickup_zone_id__location_id__ref_dim_zone_.2c158af857
[0m09:56:21.806603 [debug] [Thread-4 (]: Re-using an available connection from the pool (formerly test.taxi_analytics.relationships_fact_trips_dropoff_zone_id__location_id__ref_dim_zone_.c1d74aab47, now test.taxi_analytics.relationships_fact_trips_vendor_id__vendor_id__ref_dim_vendor_.2d640c319c)
[0m09:56:21.826185 [debug] [Thread-1 (]: Writing injected SQL for node "test.taxi_analytics.relationships_fact_trips_pickup_zone_id__location_id__ref_dim_zone_.2c158af857"
[0m09:56:21.826991 [debug] [Thread-4 (]: Began compiling node test.taxi_analytics.relationships_fact_trips_vendor_id__vendor_id__ref_dim_vendor_.2d640c319c
[0m09:56:21.850911 [debug] [Thread-4 (]: Writing injected SQL for node "test.taxi_analytics.relationships_fact_trips_vendor_id__vendor_id__ref_dim_vendor_.2d640c319c"
[0m09:56:21.852223 [debug] [Thread-1 (]: Began executing node test.taxi_analytics.relationships_fact_trips_pickup_zone_id__location_id__ref_dim_zone_.2c158af857
[0m09:56:21.855182 [debug] [Thread-1 (]: Writing runtime sql for node "test.taxi_analytics.relationships_fact_trips_pickup_zone_id__location_id__ref_dim_zone_.2c158af857"
[0m09:56:21.857260 [debug] [Thread-1 (]: Using postgres connection "test.taxi_analytics.relationships_fact_trips_pickup_zone_id__location_id__ref_dim_zone_.2c158af857"
[0m09:56:21.858112 [debug] [Thread-1 (]: On test.taxi_analytics.relationships_fact_trips_pickup_zone_id__location_id__ref_dim_zone_.2c158af857: /* {"app": "dbt", "dbt_version": "1.12.5", "profile_name": "taxi_analytics", "target_name": "dev", "node_id": "test.taxi_analytics.relationships_fact_trips_pickup_zone_id__location_id__ref_dim_zone_.2c158af857"} */

    
    select
      count(*) as failures,
      count(*) != 0 as should_warn,
      count(*) != 0 as should_error
    from (
      
    
  
    
    

with child as (
    select pickup_zone_id as from_field
    from "nyc_taxi"."public_analytics"."fact_trips"
    where pickup_zone_id is not null
),

parent as (
    select location_id as to_field
    from "nyc_taxi"."public_analytics"."dim_zone"
)

select
    from_field

from child
left join parent
    on child.from_field = parent.to_field

where parent.to_field is null



  
  
      
    ) dbt_internal_test
[0m09:56:21.859417 [debug] [Thread-1 (]: Opening a new connection, currently in state closed
[0m09:56:21.860675 [debug] [Thread-4 (]: Began executing node test.taxi_analytics.relationships_fact_trips_vendor_id__vendor_id__ref_dim_vendor_.2d640c319c
[0m09:56:21.863918 [debug] [Thread-4 (]: Writing runtime sql for node "test.taxi_analytics.relationships_fact_trips_vendor_id__vendor_id__ref_dim_vendor_.2d640c319c"
[0m09:56:21.866309 [debug] [Thread-4 (]: Using postgres connection "test.taxi_analytics.relationships_fact_trips_vendor_id__vendor_id__ref_dim_vendor_.2d640c319c"
[0m09:56:21.867433 [debug] [Thread-4 (]: On test.taxi_analytics.relationships_fact_trips_vendor_id__vendor_id__ref_dim_vendor_.2d640c319c: /* {"app": "dbt", "dbt_version": "1.12.5", "profile_name": "taxi_analytics", "target_name": "dev", "node_id": "test.taxi_analytics.relationships_fact_trips_vendor_id__vendor_id__ref_dim_vendor_.2d640c319c"} */

    
    select
      count(*) as failures,
      count(*) != 0 as should_warn,
      count(*) != 0 as should_error
    from (
      
    
  
    
    

with child as (
    select vendor_id as from_field
    from "nyc_taxi"."public_analytics"."fact_trips"
    where vendor_id is not null
),

parent as (
    select vendor_id as to_field
    from "nyc_taxi"."public_analytics"."dim_vendor"
)

select
    from_field

from child
left join parent
    on child.from_field = parent.to_field

where parent.to_field is null



  
  
      
    ) dbt_internal_test
[0m09:56:21.868154 [debug] [Thread-4 (]: Opening a new connection, currently in state closed
[0m09:56:22.150860 [debug] [Thread-3 (]: SQL status: SELECT 1 in 1.729 seconds
[0m09:56:22.153724 [debug] [Thread-3 (]: On test.taxi_analytics.relationships_fact_trips_pickup_date_key__date_key__ref_dim_date_.497ae32f88: ROLLBACK
[0m09:56:22.154740 [debug] [Thread-3 (]: On test.taxi_analytics.relationships_fact_trips_pickup_date_key__date_key__ref_dim_date_.497ae32f88: Close
[0m09:56:22.156010 [info ] [Thread-3 (]: 19 of 30 PASS relationships_fact_trips_pickup_date_key__date_key__ref_dim_date_  [[32mPASS[0m in 1.77s]
[0m09:56:22.158259 [debug] [Thread-3 (]: Finished running node test.taxi_analytics.relationships_fact_trips_pickup_date_key__date_key__ref_dim_date_.497ae32f88
[0m09:56:22.159707 [debug] [Thread-3 (]: Began running node test.taxi_analytics.source_not_null_staging_stg_taxi_trips_batch_month.fdaf94c756
[0m09:56:22.161482 [info ] [Thread-3 (]: 22 of 30 START test source_not_null_staging_stg_taxi_trips_batch_month ......... [RUN]
[0m09:56:22.163508 [debug] [Thread-3 (]: Re-using an available connection from the pool (formerly test.taxi_analytics.relationships_fact_trips_pickup_date_key__date_key__ref_dim_date_.497ae32f88, now test.taxi_analytics.source_not_null_staging_stg_taxi_trips_batch_month.fdaf94c756)
[0m09:56:22.164229 [debug] [Thread-3 (]: Began compiling node test.taxi_analytics.source_not_null_staging_stg_taxi_trips_batch_month.fdaf94c756
[0m09:56:22.179120 [debug] [Thread-3 (]: Writing injected SQL for node "test.taxi_analytics.source_not_null_staging_stg_taxi_trips_batch_month.fdaf94c756"
[0m09:56:22.180836 [debug] [Thread-3 (]: Began executing node test.taxi_analytics.source_not_null_staging_stg_taxi_trips_batch_month.fdaf94c756
[0m09:56:22.184138 [debug] [Thread-3 (]: Writing runtime sql for node "test.taxi_analytics.source_not_null_staging_stg_taxi_trips_batch_month.fdaf94c756"
[0m09:56:22.185938 [debug] [Thread-3 (]: Using postgres connection "test.taxi_analytics.source_not_null_staging_stg_taxi_trips_batch_month.fdaf94c756"
[0m09:56:22.186779 [debug] [Thread-3 (]: On test.taxi_analytics.source_not_null_staging_stg_taxi_trips_batch_month.fdaf94c756: /* {"app": "dbt", "dbt_version": "1.12.5", "profile_name": "taxi_analytics", "target_name": "dev", "node_id": "test.taxi_analytics.source_not_null_staging_stg_taxi_trips_batch_month.fdaf94c756"} */

    
    select
      count(*) as failures,
      count(*) != 0 as should_warn,
      count(*) != 0 as should_error
    from (
      
    
  
    
    



select batch_month
from "nyc_taxi"."staging"."stg_taxi_trips"
where batch_month is null



  
  
      
    ) dbt_internal_test
[0m09:56:22.187475 [debug] [Thread-3 (]: Opening a new connection, currently in state closed
[0m09:56:22.261936 [debug] [Thread-3 (]: SQL status: SELECT 1 in 0.074 seconds
[0m09:56:22.264569 [debug] [Thread-3 (]: On test.taxi_analytics.source_not_null_staging_stg_taxi_trips_batch_month.fdaf94c756: ROLLBACK
[0m09:56:22.265558 [debug] [Thread-3 (]: On test.taxi_analytics.source_not_null_staging_stg_taxi_trips_batch_month.fdaf94c756: Close
[0m09:56:22.266814 [info ] [Thread-3 (]: 22 of 30 PASS source_not_null_staging_stg_taxi_trips_batch_month ............... [[32mPASS[0m in 0.10s]
[0m09:56:22.269424 [debug] [Thread-3 (]: Finished running node test.taxi_analytics.source_not_null_staging_stg_taxi_trips_batch_month.fdaf94c756
[0m09:56:22.270993 [debug] [Thread-3 (]: Began running node test.taxi_analytics.source_not_null_staging_stg_taxi_trips_batch_year.c155d4f374
[0m09:56:22.272849 [info ] [Thread-3 (]: 23 of 30 START test source_not_null_staging_stg_taxi_trips_batch_year .......... [RUN]
[0m09:56:22.275963 [debug] [Thread-3 (]: Re-using an available connection from the pool (formerly test.taxi_analytics.source_not_null_staging_stg_taxi_trips_batch_month.fdaf94c756, now test.taxi_analytics.source_not_null_staging_stg_taxi_trips_batch_year.c155d4f374)
[0m09:56:22.277741 [debug] [Thread-3 (]: Began compiling node test.taxi_analytics.source_not_null_staging_stg_taxi_trips_batch_year.c155d4f374
[0m09:56:22.291427 [debug] [Thread-3 (]: Writing injected SQL for node "test.taxi_analytics.source_not_null_staging_stg_taxi_trips_batch_year.c155d4f374"
[0m09:56:22.294197 [debug] [Thread-3 (]: Began executing node test.taxi_analytics.source_not_null_staging_stg_taxi_trips_batch_year.c155d4f374
[0m09:56:22.298686 [debug] [Thread-3 (]: Writing runtime sql for node "test.taxi_analytics.source_not_null_staging_stg_taxi_trips_batch_year.c155d4f374"
[0m09:56:22.300590 [debug] [Thread-3 (]: Using postgres connection "test.taxi_analytics.source_not_null_staging_stg_taxi_trips_batch_year.c155d4f374"
[0m09:56:22.301439 [debug] [Thread-3 (]: On test.taxi_analytics.source_not_null_staging_stg_taxi_trips_batch_year.c155d4f374: /* {"app": "dbt", "dbt_version": "1.12.5", "profile_name": "taxi_analytics", "target_name": "dev", "node_id": "test.taxi_analytics.source_not_null_staging_stg_taxi_trips_batch_year.c155d4f374"} */

    
    select
      count(*) as failures,
      count(*) != 0 as should_warn,
      count(*) != 0 as should_error
    from (
      
    
  
    
    



select batch_year
from "nyc_taxi"."staging"."stg_taxi_trips"
where batch_year is null



  
  
      
    ) dbt_internal_test
[0m09:56:22.302144 [debug] [Thread-3 (]: Opening a new connection, currently in state closed
[0m09:56:22.381167 [debug] [Thread-3 (]: SQL status: SELECT 1 in 0.079 seconds
[0m09:56:22.384235 [debug] [Thread-3 (]: On test.taxi_analytics.source_not_null_staging_stg_taxi_trips_batch_year.c155d4f374: ROLLBACK
[0m09:56:22.385517 [debug] [Thread-3 (]: On test.taxi_analytics.source_not_null_staging_stg_taxi_trips_batch_year.c155d4f374: Close
[0m09:56:22.387169 [info ] [Thread-3 (]: 23 of 30 PASS source_not_null_staging_stg_taxi_trips_batch_year ................ [[32mPASS[0m in 0.11s]
[0m09:56:22.412997 [debug] [Thread-3 (]: Finished running node test.taxi_analytics.source_not_null_staging_stg_taxi_trips_batch_year.c155d4f374
[0m09:56:22.414000 [debug] [Thread-3 (]: Began running node test.taxi_analytics.unique_dim_date_date_key.0869fd48f9
[0m09:56:22.414989 [info ] [Thread-3 (]: 24 of 30 START test unique_dim_date_date_key ................................... [RUN]
[0m09:56:22.426691 [debug] [Thread-3 (]: Re-using an available connection from the pool (formerly test.taxi_analytics.source_not_null_staging_stg_taxi_trips_batch_year.c155d4f374, now test.taxi_analytics.unique_dim_date_date_key.0869fd48f9)
[0m09:56:22.428530 [debug] [Thread-3 (]: Began compiling node test.taxi_analytics.unique_dim_date_date_key.0869fd48f9
[0m09:56:22.448827 [debug] [Thread-3 (]: Writing injected SQL for node "test.taxi_analytics.unique_dim_date_date_key.0869fd48f9"
[0m09:56:22.450824 [debug] [Thread-3 (]: Began executing node test.taxi_analytics.unique_dim_date_date_key.0869fd48f9
[0m09:56:22.454193 [debug] [Thread-3 (]: Writing runtime sql for node "test.taxi_analytics.unique_dim_date_date_key.0869fd48f9"
[0m09:56:22.456548 [debug] [Thread-3 (]: Using postgres connection "test.taxi_analytics.unique_dim_date_date_key.0869fd48f9"
[0m09:56:22.457498 [debug] [Thread-3 (]: On test.taxi_analytics.unique_dim_date_date_key.0869fd48f9: /* {"app": "dbt", "dbt_version": "1.12.5", "profile_name": "taxi_analytics", "target_name": "dev", "node_id": "test.taxi_analytics.unique_dim_date_date_key.0869fd48f9"} */

    
    select
      count(*) as failures,
      count(*) != 0 as should_warn,
      count(*) != 0 as should_error
    from (
      
    
  
    
    

select
    date_key as unique_field,
    count(*) as n_records

from "nyc_taxi"."public_analytics"."dim_date"
where date_key is not null
group by date_key
having count(*) > 1



  
  
      
    ) dbt_internal_test
[0m09:56:22.459406 [debug] [Thread-3 (]: Opening a new connection, currently in state closed
[0m09:56:22.535823 [debug] [Thread-3 (]: SQL status: SELECT 1 in 0.076 seconds
[0m09:56:22.538598 [debug] [Thread-3 (]: On test.taxi_analytics.unique_dim_date_date_key.0869fd48f9: ROLLBACK
[0m09:56:22.539667 [debug] [Thread-3 (]: On test.taxi_analytics.unique_dim_date_date_key.0869fd48f9: Close
[0m09:56:22.540964 [info ] [Thread-3 (]: 24 of 30 PASS unique_dim_date_date_key ......................................... [[32mPASS[0m in 0.11s]
[0m09:56:22.544772 [debug] [Thread-3 (]: Finished running node test.taxi_analytics.unique_dim_date_date_key.0869fd48f9
[0m09:56:22.546043 [debug] [Thread-3 (]: Began running node test.taxi_analytics.unique_dim_payment_payment_type_id.df76eb3550
[0m09:56:22.547942 [info ] [Thread-3 (]: 25 of 30 START test unique_dim_payment_payment_type_id ......................... [RUN]
[0m09:56:22.549057 [debug] [Thread-3 (]: Re-using an available connection from the pool (formerly test.taxi_analytics.unique_dim_date_date_key.0869fd48f9, now test.taxi_analytics.unique_dim_payment_payment_type_id.df76eb3550)
[0m09:56:22.549805 [debug] [Thread-3 (]: Began compiling node test.taxi_analytics.unique_dim_payment_payment_type_id.df76eb3550
[0m09:56:22.561602 [debug] [Thread-3 (]: Writing injected SQL for node "test.taxi_analytics.unique_dim_payment_payment_type_id.df76eb3550"
[0m09:56:22.563495 [debug] [Thread-3 (]: Began executing node test.taxi_analytics.unique_dim_payment_payment_type_id.df76eb3550
[0m09:56:22.566613 [debug] [Thread-3 (]: Writing runtime sql for node "test.taxi_analytics.unique_dim_payment_payment_type_id.df76eb3550"
[0m09:56:22.568431 [debug] [Thread-3 (]: Using postgres connection "test.taxi_analytics.unique_dim_payment_payment_type_id.df76eb3550"
[0m09:56:22.569154 [debug] [Thread-3 (]: On test.taxi_analytics.unique_dim_payment_payment_type_id.df76eb3550: /* {"app": "dbt", "dbt_version": "1.12.5", "profile_name": "taxi_analytics", "target_name": "dev", "node_id": "test.taxi_analytics.unique_dim_payment_payment_type_id.df76eb3550"} */

    
    select
      count(*) as failures,
      count(*) != 0 as should_warn,
      count(*) != 0 as should_error
    from (
      
    
  
    
    

select
    payment_type_id as unique_field,
    count(*) as n_records

from "nyc_taxi"."public_analytics"."dim_payment"
where payment_type_id is not null
group by payment_type_id
having count(*) > 1



  
  
      
    ) dbt_internal_test
[0m09:56:22.569795 [debug] [Thread-3 (]: Opening a new connection, currently in state closed
[0m09:56:22.644378 [debug] [Thread-3 (]: SQL status: SELECT 1 in 0.074 seconds
[0m09:56:22.647013 [debug] [Thread-3 (]: On test.taxi_analytics.unique_dim_payment_payment_type_id.df76eb3550: ROLLBACK
[0m09:56:22.647978 [debug] [Thread-3 (]: On test.taxi_analytics.unique_dim_payment_payment_type_id.df76eb3550: Close
[0m09:56:22.649269 [info ] [Thread-3 (]: 25 of 30 PASS unique_dim_payment_payment_type_id ............................... [[32mPASS[0m in 0.10s]
[0m09:56:22.652156 [debug] [Thread-3 (]: Finished running node test.taxi_analytics.unique_dim_payment_payment_type_id.df76eb3550
[0m09:56:22.654564 [debug] [Thread-3 (]: Began running node test.taxi_analytics.unique_dim_vendor_vendor_id.849a2be65e
[0m09:56:22.655575 [info ] [Thread-3 (]: 26 of 30 START test unique_dim_vendor_vendor_id ................................ [RUN]
[0m09:56:22.658881 [debug] [Thread-3 (]: Re-using an available connection from the pool (formerly test.taxi_analytics.unique_dim_payment_payment_type_id.df76eb3550, now test.taxi_analytics.unique_dim_vendor_vendor_id.849a2be65e)
[0m09:56:22.660783 [debug] [Thread-3 (]: Began compiling node test.taxi_analytics.unique_dim_vendor_vendor_id.849a2be65e
[0m09:56:22.674862 [debug] [Thread-3 (]: Writing injected SQL for node "test.taxi_analytics.unique_dim_vendor_vendor_id.849a2be65e"
[0m09:56:22.678439 [debug] [Thread-3 (]: Began executing node test.taxi_analytics.unique_dim_vendor_vendor_id.849a2be65e
[0m09:56:22.681672 [debug] [Thread-3 (]: Writing runtime sql for node "test.taxi_analytics.unique_dim_vendor_vendor_id.849a2be65e"
[0m09:56:22.683997 [debug] [Thread-3 (]: Using postgres connection "test.taxi_analytics.unique_dim_vendor_vendor_id.849a2be65e"
[0m09:56:22.684760 [debug] [Thread-3 (]: On test.taxi_analytics.unique_dim_vendor_vendor_id.849a2be65e: /* {"app": "dbt", "dbt_version": "1.12.5", "profile_name": "taxi_analytics", "target_name": "dev", "node_id": "test.taxi_analytics.unique_dim_vendor_vendor_id.849a2be65e"} */

    
    select
      count(*) as failures,
      count(*) != 0 as should_warn,
      count(*) != 0 as should_error
    from (
      
    
  
    
    

select
    vendor_id as unique_field,
    count(*) as n_records

from "nyc_taxi"."public_analytics"."dim_vendor"
where vendor_id is not null
group by vendor_id
having count(*) > 1



  
  
      
    ) dbt_internal_test
[0m09:56:22.685503 [debug] [Thread-3 (]: Opening a new connection, currently in state closed
[0m09:56:22.764061 [debug] [Thread-3 (]: SQL status: SELECT 1 in 0.078 seconds
[0m09:56:22.766698 [debug] [Thread-3 (]: On test.taxi_analytics.unique_dim_vendor_vendor_id.849a2be65e: ROLLBACK
[0m09:56:22.767700 [debug] [Thread-3 (]: On test.taxi_analytics.unique_dim_vendor_vendor_id.849a2be65e: Close
[0m09:56:22.768941 [info ] [Thread-3 (]: 26 of 30 PASS unique_dim_vendor_vendor_id ...................................... [[32mPASS[0m in 0.11s]
[0m09:56:22.770940 [debug] [Thread-3 (]: Finished running node test.taxi_analytics.unique_dim_vendor_vendor_id.849a2be65e
[0m09:56:22.773342 [debug] [Thread-3 (]: Began running node test.taxi_analytics.unique_dim_zone_location_id.7702f92424
[0m09:56:22.774500 [info ] [Thread-3 (]: 27 of 30 START test unique_dim_zone_location_id ................................ [RUN]
[0m09:56:22.776928 [debug] [Thread-3 (]: Re-using an available connection from the pool (formerly test.taxi_analytics.unique_dim_vendor_vendor_id.849a2be65e, now test.taxi_analytics.unique_dim_zone_location_id.7702f92424)
[0m09:56:22.777648 [debug] [Thread-3 (]: Began compiling node test.taxi_analytics.unique_dim_zone_location_id.7702f92424
[0m09:56:22.789387 [debug] [Thread-3 (]: Writing injected SQL for node "test.taxi_analytics.unique_dim_zone_location_id.7702f92424"
[0m09:56:22.792181 [debug] [Thread-3 (]: Began executing node test.taxi_analytics.unique_dim_zone_location_id.7702f92424
[0m09:56:22.797557 [debug] [Thread-3 (]: Writing runtime sql for node "test.taxi_analytics.unique_dim_zone_location_id.7702f92424"
[0m09:56:22.799771 [debug] [Thread-3 (]: Using postgres connection "test.taxi_analytics.unique_dim_zone_location_id.7702f92424"
[0m09:56:22.800591 [debug] [Thread-3 (]: On test.taxi_analytics.unique_dim_zone_location_id.7702f92424: /* {"app": "dbt", "dbt_version": "1.12.5", "profile_name": "taxi_analytics", "target_name": "dev", "node_id": "test.taxi_analytics.unique_dim_zone_location_id.7702f92424"} */

    
    select
      count(*) as failures,
      count(*) != 0 as should_warn,
      count(*) != 0 as should_error
    from (
      
    
  
    
    

select
    location_id as unique_field,
    count(*) as n_records

from "nyc_taxi"."public_analytics"."dim_zone"
where location_id is not null
group by location_id
having count(*) > 1



  
  
      
    ) dbt_internal_test
[0m09:56:22.801303 [debug] [Thread-3 (]: Opening a new connection, currently in state closed
[0m09:56:22.876811 [debug] [Thread-3 (]: SQL status: SELECT 1 in 0.075 seconds
[0m09:56:22.879550 [debug] [Thread-3 (]: On test.taxi_analytics.unique_dim_zone_location_id.7702f92424: ROLLBACK
[0m09:56:22.880595 [debug] [Thread-3 (]: On test.taxi_analytics.unique_dim_zone_location_id.7702f92424: Close
[0m09:56:22.881898 [info ] [Thread-3 (]: 27 of 30 PASS unique_dim_zone_location_id ...................................... [[32mPASS[0m in 0.10s]
[0m09:56:22.884858 [debug] [Thread-3 (]: Finished running node test.taxi_analytics.unique_dim_zone_location_id.7702f92424
[0m09:56:22.886219 [debug] [Thread-3 (]: Began running node test.taxi_analytics.unique_fact_trips_trip_id.689f42211e
[0m09:56:22.887955 [info ] [Thread-3 (]: 28 of 30 START test unique_fact_trips_trip_id .................................. [RUN]
[0m09:56:22.889326 [debug] [Thread-3 (]: Re-using an available connection from the pool (formerly test.taxi_analytics.unique_dim_zone_location_id.7702f92424, now test.taxi_analytics.unique_fact_trips_trip_id.689f42211e)
[0m09:56:22.890053 [debug] [Thread-3 (]: Began compiling node test.taxi_analytics.unique_fact_trips_trip_id.689f42211e
[0m09:56:22.902421 [debug] [Thread-3 (]: Writing injected SQL for node "test.taxi_analytics.unique_fact_trips_trip_id.689f42211e"
[0m09:56:22.904292 [debug] [Thread-3 (]: Began executing node test.taxi_analytics.unique_fact_trips_trip_id.689f42211e
[0m09:56:22.908462 [debug] [Thread-3 (]: Writing runtime sql for node "test.taxi_analytics.unique_fact_trips_trip_id.689f42211e"
[0m09:56:22.912674 [debug] [Thread-3 (]: Using postgres connection "test.taxi_analytics.unique_fact_trips_trip_id.689f42211e"
[0m09:56:22.913516 [debug] [Thread-3 (]: On test.taxi_analytics.unique_fact_trips_trip_id.689f42211e: /* {"app": "dbt", "dbt_version": "1.12.5", "profile_name": "taxi_analytics", "target_name": "dev", "node_id": "test.taxi_analytics.unique_fact_trips_trip_id.689f42211e"} */

    
    select
      count(*) as failures,
      count(*) != 0 as should_warn,
      count(*) != 0 as should_error
    from (
      
    
  
    
    

select
    trip_id as unique_field,
    count(*) as n_records

from "nyc_taxi"."public_analytics"."fact_trips"
where trip_id is not null
group by trip_id
having count(*) > 1



  
  
      
    ) dbt_internal_test
[0m09:56:22.914239 [debug] [Thread-3 (]: Opening a new connection, currently in state closed
[0m09:56:23.554307 [debug] [Thread-1 (]: SQL status: SELECT 1 in 1.695 seconds
[0m09:56:23.557760 [debug] [Thread-1 (]: On test.taxi_analytics.relationships_fact_trips_pickup_zone_id__location_id__ref_dim_zone_.2c158af857: ROLLBACK
[0m09:56:23.559257 [debug] [Thread-1 (]: On test.taxi_analytics.relationships_fact_trips_pickup_zone_id__location_id__ref_dim_zone_.2c158af857: Close
[0m09:56:23.560950 [info ] [Thread-1 (]: 20 of 30 PASS relationships_fact_trips_pickup_zone_id__location_id__ref_dim_zone_  [[32mPASS[0m in 1.76s]
[0m09:56:23.564745 [debug] [Thread-1 (]: Finished running node test.taxi_analytics.relationships_fact_trips_pickup_zone_id__location_id__ref_dim_zone_.2c158af857
[0m09:56:23.566827 [debug] [Thread-1 (]: Began running node test.taxi_analytics.unique_stg_trips_trip_id.748f5076fb
[0m09:56:23.567970 [info ] [Thread-1 (]: 29 of 30 START test unique_stg_trips_trip_id ................................... [RUN]
[0m09:56:23.571056 [debug] [Thread-1 (]: Re-using an available connection from the pool (formerly test.taxi_analytics.relationships_fact_trips_pickup_zone_id__location_id__ref_dim_zone_.2c158af857, now test.taxi_analytics.unique_stg_trips_trip_id.748f5076fb)
[0m09:56:23.572032 [debug] [Thread-1 (]: Began compiling node test.taxi_analytics.unique_stg_trips_trip_id.748f5076fb
[0m09:56:23.584182 [debug] [Thread-1 (]: Writing injected SQL for node "test.taxi_analytics.unique_stg_trips_trip_id.748f5076fb"
[0m09:56:23.586187 [debug] [Thread-1 (]: Began executing node test.taxi_analytics.unique_stg_trips_trip_id.748f5076fb
[0m09:56:23.591130 [debug] [Thread-1 (]: Writing runtime sql for node "test.taxi_analytics.unique_stg_trips_trip_id.748f5076fb"
[0m09:56:23.593418 [debug] [Thread-1 (]: Using postgres connection "test.taxi_analytics.unique_stg_trips_trip_id.748f5076fb"
[0m09:56:23.594337 [debug] [Thread-1 (]: On test.taxi_analytics.unique_stg_trips_trip_id.748f5076fb: /* {"app": "dbt", "dbt_version": "1.12.5", "profile_name": "taxi_analytics", "target_name": "dev", "node_id": "test.taxi_analytics.unique_stg_trips_trip_id.748f5076fb"} */

    
    select
      count(*) as failures,
      count(*) != 0 as should_warn,
      count(*) != 0 as should_error
    from (
      
    
  
    
    

select
    trip_id as unique_field,
    count(*) as n_records

from "nyc_taxi"."public_staging"."stg_trips"
where trip_id is not null
group by trip_id
having count(*) > 1



  
  
      
    ) dbt_internal_test
[0m09:56:23.595248 [debug] [Thread-1 (]: Opening a new connection, currently in state closed
[0m09:56:23.597970 [debug] [Thread-4 (]: SQL status: SELECT 1 in 1.729 seconds
[0m09:56:23.601715 [debug] [Thread-4 (]: On test.taxi_analytics.relationships_fact_trips_vendor_id__vendor_id__ref_dim_vendor_.2d640c319c: ROLLBACK
[0m09:56:23.603790 [debug] [Thread-4 (]: On test.taxi_analytics.relationships_fact_trips_vendor_id__vendor_id__ref_dim_vendor_.2d640c319c: Close
[0m09:56:23.605731 [info ] [Thread-4 (]: 21 of 30 PASS relationships_fact_trips_vendor_id__vendor_id__ref_dim_vendor_ ... [[32mPASS[0m in 1.80s]
[0m09:56:23.609382 [debug] [Thread-4 (]: Finished running node test.taxi_analytics.relationships_fact_trips_vendor_id__vendor_id__ref_dim_vendor_.2d640c319c
[0m09:56:23.611087 [debug] [Thread-4 (]: Began running node test.taxi_analytics.unique_stg_zones_location_id.3578c2f409
[0m09:56:23.613151 [info ] [Thread-4 (]: 30 of 30 START test unique_stg_zones_location_id ............................... [RUN]
[0m09:56:23.614932 [debug] [Thread-4 (]: Re-using an available connection from the pool (formerly test.taxi_analytics.relationships_fact_trips_vendor_id__vendor_id__ref_dim_vendor_.2d640c319c, now test.taxi_analytics.unique_stg_zones_location_id.3578c2f409)
[0m09:56:23.616236 [debug] [Thread-4 (]: Began compiling node test.taxi_analytics.unique_stg_zones_location_id.3578c2f409
[0m09:56:23.633816 [debug] [Thread-4 (]: Writing injected SQL for node "test.taxi_analytics.unique_stg_zones_location_id.3578c2f409"
[0m09:56:23.636242 [debug] [Thread-4 (]: Began executing node test.taxi_analytics.unique_stg_zones_location_id.3578c2f409
[0m09:56:23.642255 [debug] [Thread-4 (]: Writing runtime sql for node "test.taxi_analytics.unique_stg_zones_location_id.3578c2f409"
[0m09:56:23.644845 [debug] [Thread-4 (]: Using postgres connection "test.taxi_analytics.unique_stg_zones_location_id.3578c2f409"
[0m09:56:23.646133 [debug] [Thread-4 (]: On test.taxi_analytics.unique_stg_zones_location_id.3578c2f409: /* {"app": "dbt", "dbt_version": "1.12.5", "profile_name": "taxi_analytics", "target_name": "dev", "node_id": "test.taxi_analytics.unique_stg_zones_location_id.3578c2f409"} */

    
    select
      count(*) as failures,
      count(*) != 0 as should_warn,
      count(*) != 0 as should_error
    from (
      
    
  
    
    

select
    location_id as unique_field,
    count(*) as n_records

from "nyc_taxi"."public_staging"."stg_zones"
where location_id is not null
group by location_id
having count(*) > 1



  
  
      
    ) dbt_internal_test
[0m09:56:23.647751 [debug] [Thread-4 (]: Opening a new connection, currently in state closed
[0m09:56:23.804751 [debug] [Thread-4 (]: SQL status: SELECT 1 in 0.157 seconds
[0m09:56:23.808565 [debug] [Thread-4 (]: On test.taxi_analytics.unique_stg_zones_location_id.3578c2f409: ROLLBACK
[0m09:56:23.810304 [debug] [Thread-4 (]: On test.taxi_analytics.unique_stg_zones_location_id.3578c2f409: Close
[0m09:56:23.811989 [info ] [Thread-4 (]: 30 of 30 PASS unique_stg_zones_location_id ..................................... [[32mPASS[0m in 0.20s]
[0m09:56:23.815662 [debug] [Thread-4 (]: Finished running node test.taxi_analytics.unique_stg_zones_location_id.3578c2f409
[0m09:56:23.841134 [debug] [Thread-2 (]: SQL status: SELECT 1 in 17.279 seconds
[0m09:56:23.844535 [debug] [Thread-2 (]: On test.taxi_analytics.not_null_stg_trips_trip_id.159f524fc2: ROLLBACK
[0m09:56:23.845865 [debug] [Thread-2 (]: On test.taxi_analytics.not_null_stg_trips_trip_id.159f524fc2: Close
[0m09:56:23.847556 [info ] [Thread-2 (]: 14 of 30 PASS not_null_stg_trips_trip_id ....................................... [[32mPASS[0m in 17.30s]
[0m09:56:23.850247 [debug] [Thread-2 (]: Finished running node test.taxi_analytics.not_null_stg_trips_trip_id.159f524fc2
[0m09:56:29.225135 [debug] [Thread-3 (]: SQL status: SELECT 1 in 6.310 seconds
[0m09:56:29.228970 [debug] [Thread-3 (]: On test.taxi_analytics.unique_fact_trips_trip_id.689f42211e: ROLLBACK
[0m09:56:29.230892 [debug] [Thread-3 (]: On test.taxi_analytics.unique_fact_trips_trip_id.689f42211e: Close
[0m09:56:29.232811 [info ] [Thread-3 (]: 28 of 30 PASS unique_fact_trips_trip_id ........................................ [[32mPASS[0m in 6.34s]
[0m09:56:29.234188 [debug] [Thread-3 (]: Finished running node test.taxi_analytics.unique_fact_trips_trip_id.689f42211e
[0m09:56:55.808329 [debug] [Thread-1 (]: SQL status: SELECT 1 in 32.209 seconds
[0m09:56:55.811591 [debug] [Thread-1 (]: On test.taxi_analytics.unique_stg_trips_trip_id.748f5076fb: ROLLBACK
[0m09:56:55.813083 [debug] [Thread-1 (]: On test.taxi_analytics.unique_stg_trips_trip_id.748f5076fb: Close
[0m09:56:55.815259 [info ] [Thread-1 (]: 29 of 30 PASS unique_stg_trips_trip_id ......................................... [[32mPASS[0m in 32.24s]
[0m09:56:55.818223 [debug] [Thread-1 (]: Finished running node test.taxi_analytics.unique_stg_trips_trip_id.748f5076fb
[0m09:56:55.821421 [debug] [MainThread]: On master: COMMIT
[0m09:56:55.821982 [debug] [MainThread]: Using postgres connection "master"
[0m09:56:55.822355 [debug] [MainThread]: On master: COMMIT
[0m09:56:55.822695 [debug] [MainThread]: Opening a new connection, currently in state closed
[0m09:56:55.870988 [debug] [MainThread]: SQL status: COMMIT in 0.048 seconds
[0m09:56:55.871446 [debug] [MainThread]: On master: Close
[0m09:56:55.871917 [debug] [MainThread]: Connection 'master' was properly closed.
[0m09:56:55.872265 [debug] [MainThread]: Connection 'list_nyc_taxi_public_reference' was properly closed.
[0m09:56:55.872619 [debug] [MainThread]: Connection 'list_nyc_taxi_public_analytics' was properly closed.
[0m09:56:55.872852 [debug] [MainThread]: Connection 'list_nyc_taxi_public_intermediate' was properly closed.
[0m09:56:55.873120 [debug] [MainThread]: Connection 'list_nyc_taxi_public_staging' was properly closed.
[0m09:56:55.873394 [debug] [MainThread]: Connection 'test.taxi_analytics.unique_stg_zones_location_id.3578c2f409' was properly closed.
[0m09:56:55.873652 [debug] [MainThread]: Connection 'test.taxi_analytics.unique_stg_trips_trip_id.748f5076fb' was properly closed.
[0m09:56:55.874092 [debug] [MainThread]: Connection 'test.taxi_analytics.unique_fact_trips_trip_id.689f42211e' was properly closed.
[0m09:56:55.874319 [debug] [MainThread]: Connection 'test.taxi_analytics.not_null_stg_trips_trip_id.159f524fc2' was properly closed.
[0m09:56:55.874625 [info ] [MainThread]: 
[0m09:56:55.875123 [info ] [MainThread]: Finished running 30 data tests in 0 hours 2 minutes and 46.42 seconds (166.42s).
[0m09:56:55.882097 [debug] [MainThread]: Command end result
[0m09:56:55.928678 [debug] [MainThread]: Wrote artifact WritableManifest to D:\MEHDI\Study\WISD-EID\projetcs\NYC TaxiFlow\dbt\target\manifest.json
[0m09:56:55.936111 [debug] [MainThread]: Wrote artifact SemanticManifest to D:\MEHDI\Study\WISD-EID\projetcs\NYC TaxiFlow\dbt\target\semantic_manifest.json
[0m09:56:55.941511 [debug] [MainThread]: Wrote artifact OsiDocument to D:\MEHDI\Study\WISD-EID\projetcs\NYC TaxiFlow\dbt\target\osi_document.json
[0m09:56:55.952054 [debug] [MainThread]: Wrote artifact RunExecutionResult to D:\MEHDI\Study\WISD-EID\projetcs\NYC TaxiFlow\dbt\target\run_results.json
[0m09:56:55.952483 [info ] [MainThread]: 
[0m09:56:55.953290 [info ] [MainThread]: [32mCompleted successfully[0m
[0m09:56:55.953991 [info ] [MainThread]: 
[0m09:56:55.954621 [info ] [MainThread]: Done. PASS=30 WARN=0 ERROR=0 SKIP=0 NO-OP=0 REUSED=0 TOTAL=30
[0m09:56:55.957243 [debug] [MainThread]: Command `dbt test` succeeded at 09:56:55.956928 after 168.62 seconds
[0m09:56:55.957899 [debug] [MainThread]: Sending event: {'category': 'dbt', 'action': 'invocation', 'label': 'end', 'context': [<snowplow_tracker.self_describing_json.SelfDescribingJson object at 0x000001F69B7ECDD0>, <snowplow_tracker.self_describing_json.SelfDescribingJson object at 0x000001F69BFE3D80>, <snowplow_tracker.self_describing_json.SelfDescribingJson object at 0x000001F69BFE3E30>]}
[0m09:56:55.958455 [debug] [MainThread]: Flushing usage events
[0m09:57:07.113514 [debug] [MainThread]: An error was encountered while trying to flush usage events
